X,Y,U,K,KU,H,HU
-1,-1,0.52,9,0.555555556,91,0.516483516
-1,-0.95,0.52,8,0.625,92,0.510869565
-1,-0.9,0.57,10,0.8,90,0.544444444
-1,-0.85,0.4,13,0.230769231,87,0.425287356
-1,-0.8,0.44,10,0.5,90,0.433333333
-1,-0.75,0.43,13,0.692307692,87,0.390804598
-1,-0.7,0.43,8,0.5,92,0.423913043
-1,-0.65,0.47,13,0.615384615,87,0.448275862
-1,-0.6,0.41,18,0.5,82,0.390243902
-1,-0.55,0.29,6,0.5,94,0.276595745
-1,-0.5,0.38,7,0.714285714,93,0.35483871
-1,-0.45,0.25,11,0.363636364,89,0.235955056
-1,-0.4,0.24,13,0.230769231,87,0.24137931
-1,-0.35,0.25,17,0.647058824,83,0.168674699
-1,-0.3,0.19,7,0,93,0.204301075
-1,-0.25,0.29,10,0.3,90,0.288888889
-1,-0.2,0.19,13,0.384615385,87,0.16091954
-1,-0.15,0.25,11,0.545454545,89,0.213483146
-1,-0.1,0.22,8,0.375,92,0.206521739
-1,-0.05,0.24,14,0.428571429,86,0.209302326
-1,0,0.21,11,0.272727273,89,0.202247191
-1,0.05,0.12,14,0.357142857,86,0.081395349
-1,0.1,0.13,11,0.272727273,89,0.112359551
-1,0.15,0.22,7,0.285714286,93,0.215053763
-1,0.2,0.21,7,0.571428571,93,0.182795699
-1,0.25,0.17,8,0.375,92,0.152173913
-1,0.3,0.36,5,0.6,95,0.347368421
-1,0.35,0.23,7,0.142857143,93,0.23655914
-1,0.4,0.21,8,0.25,92,0.206521739
-1,0.45,0.23,6,0.5,94,0.212765957
-1,0.5,0.35,8,0.75,92,0.315217391
-1,0.55,0.29,5,0.8,95,0.263157895
-1,0.6,0.36,7,0.428571429,93,0.35483871
-1,0.65,0.35,4,0.25,96,0.354166667
-1,0.7,0.37,4,0.5,96,0.364583333
-1,0.75,0.36,8,0.375,92,0.358695652
-1,0.8,0.52,12,0.916666667,88,0.465909091
-1,0.85,0.48,7,0.571428571,93,0.47311828
-1,0.9,0.56,8,0.875,92,0.532608696
-1,0.95,0.48,7,0.428571429,93,0.483870968
-1,1,0.54,11,0.636363636,89,0.528089888
-0.95,-1,0.57,16,0.5625,84,0.571428571
-0.95,-0.95,0.54,12,0.5,88,0.545454545
-0.95,-0.9,0.45,14,0.428571429,86,0.453488372
-0.95,-0.85,0.53,13,0.538461538,87,0.528735632
-0.95,-0.8,0.44,19,0.473684211,81,0.432098765
-0.95,-0.75,0.45,9,0.444444444,91,0.450549451
-0.95,-0.7,0.45,10,0.4,90,0.455555556
-0.95,-0.65,0.55,16,0.5625,84,0.547619048
-0.95,-0.6,0.38,12,0.583333333,88,0.352272727
-0.95,-0.55,0.35,12,0.5,88,0.329545455
-0.95,-0.5,0.26,17,0.352941176,83,0.240963855
-0.95,-0.45,0.36,12,0.333333333,88,0.363636364
-0.95,-0.4,0.39,11,0.636363636,89,0.359550562
-0.95,-0.35,0.26,9,0.222222222,91,0.263736264
-0.95,-0.3,0.23,7,0.285714286,93,0.225806452
-0.95,-0.25,0.14,8,0.125,92,0.141304348
-0.95,-0.2,0.16,9,0.333333333,91,0.142857143
-0.95,-0.15,0.19,9,0.333333333,91,0.175824176
-0.95,-0.1,0.18,7,0.285714286,93,0.172043011
-0.95,-0.05,0.22,16,0.5,84,0.166666667
-0.95,0,0.21,7,0.571428571,93,0.182795699
-0.95,0.05,0.16,3,0.333333333,97,0.154639175
-0.95,0.1,0.18,9,0.333333333,91,0.164835165
-0.95,0.15,0.2,6,0.166666667,94,0.20212766
-0.95,0.2,0.21,10,0.3,90,0.2
-0.95,0.25,0.2,7,0.285714286,93,0.193548387
-0.95,0.3,0.19,7,0.142857143,93,0.193548387
-0.95,0.35,0.26,6,0.833333333,94,0.223404255
-0.95,0.4,0.27,7,0.428571429,93,0.258064516
-0.95,0.45,0.32,4,0.5,96,0.3125
-0.95,0.5,0.34,5,0.8,95,0.315789474
-0.95,0.55,0.32,9,0.333333333,91,0.318681319
-0.95,0.6,0.35,8,0.375,92,0.347826087
-0.95,0.65,0.38,5,0.6,95,0.368421053
-0.95,0.7,0.36,5,0.2,95,0.368421053
-0.95,0.75,0.48,9,0.333333333,91,0.494505495
-0.95,0.8,0.53,9,0.666666667,91,0.516483516
-0.95,0.85,0.39,6,0.5,94,0.382978723
-0.95,0.9,0.47,6,0.666666667,94,0.457446809
-0.95,0.95,0.47,4,0,96,0.489583333
-0.95,1,0.54,6,0.5,94,0.542553191
-0.9,-1,0.57,10,0.9,90,0.533333333
-0.9,-0.95,0.58,13,0.384615385,87,0.609195402
-0.9,-0.9,0.47,14,0.5,86,0.465116279
-0.9,-0.85,0.48,11,0.454545455,89,0.483146067
-0.9,-0.8,0.42,12,0.416666667,88,0.420454545
-0.9,-0.75,0.45,7,0.428571429,93,0.451612903
-0.9,-0.7,0.52,12,0.583333333,88,0.511363636
-0.9,-0.65,0.36,9,0.444444444,91,0.351648352
-0.9,-0.6,0.45,8,0.375,92,0.456521739
-0.9,-0.55,0.4,5,0.2,95,0.410526316
-0.9,-0.5,0.34,7,0.285714286,93,0.344086022
-0.9,-0.45,0.3,5,0.4,95,0.294736842
-0.9,-0.4,0.29,2,0.5,98,0.285714286
-0.9,-0.35,0.34,11,0.636363636,89,0.303370787
-0.9,-0.3,0.36,9,0.444444444,91,0.351648352
-0.9,-0.25,0.25,7,0.571428571,93,0.225806452
-0.9,-0.2,0.19,6,0.166666667,94,0.191489362
-0.9,-0.15,0.21,16,0.3125,84,0.19047619
-0.9,-0.1,0.26,8,0.25,92,0.260869565
-0.9,-0.05,0.21,4,0.5,96,0.197916667
-0.9,0,0.23,1,1,99,0.222222222
-0.9,0.05,0.29,7,0.714285714,93,0.258064516
-0.9,0.1,0.24,3,0.333333333,97,0.237113402
-0.9,0.15,0.19,7,0.428571429,93,0.172043011
-0.9,0.2,0.24,4,0.25,96,0.239583333
-0.9,0.25,0.23,4,0.25,96,0.229166667
-0.9,0.3,0.28,7,0.285714286,93,0.279569892
-0.9,0.35,0.27,4,0.5,96,0.260416667
-0.9,0.4,0.32,4,0.5,96,0.3125
-0.9,0.45,0.24,5,0.4,95,0.231578947
-0.9,0.5,0.37,5,0.6,95,0.357894737
-0.9,0.55,0.29,7,0.571428571,93,0.268817204
-0.9,0.6,0.49,3,0.666666667,97,0.484536082
-0.9,0.65,0.44,5,0.4,95,0.442105263
-0.9,0.7,0.41,4,0.25,96,0.416666667
-0.9,0.75,0.46,6,0.333333333,94,0.468085106
-0.9,0.8,0.47,4,0.5,96,0.46875
-0.9,0.85,0.38,6,0.333333333,94,0.382978723
-0.9,0.9,0.5,5,0.4,95,0.505263158
-0.9,0.95,0.51,4,0.75,96,0.5
-0.9,1,0.48,5,0.4,95,0.484210526
-0.85,-1,0.66,15,0.533333333,85,0.682352941
-0.85,-0.95,0.49,13,0.307692308,87,0.517241379
-0.85,-0.9,0.52,16,0.5,84,0.523809524
-0.85,-0.85,0.51,8,0.5,92,0.510869565
-0.85,-0.8,0.53,13,0.384615385,87,0.551724138
-0.85,-0.75,0.54,10,0.4,90,0.555555556
-0.85,-0.7,0.48,14,0.5,86,0.476744186
-0.85,-0.65,0.5,9,0.666666667,91,0.483516484
-0.85,-0.6,0.4,4,0.5,96,0.395833333
-0.85,-0.55,0.45,6,0.5,94,0.446808511
-0.85,-0.5,0.34,12,0.333333333,88,0.340909091
-0.85,-0.45,0.35,6,0.666666667,94,0.329787234
-0.85,-0.4,0.32,6,0,94,0.340425532
-0.85,-0.35,0.36,14,0.5,86,0.337209302
-0.85,-0.3,0.39,8,0.25,92,0.402173913
-0.85,-0.25,0.26,3,0.333333333,97,0.257731959
-0.85,-0.2,0.27,12,0.333333333,88,0.261363636
-0.85,-0.15,0.22,9,0.444444444,91,0.197802198
-0.85,-0.1,0.23,6,0.5,94,0.212765957
-0.85,-0.05,0.2,8,0.125,92,0.206521739
-0.85,0,0.22,4,0.25,96,0.21875
-0.85,0.05,0.27,7,0.428571429,93,0.258064516
-0.85,0.1,0.21,6,0.333333333,94,0.20212766
-0.85,0.15,0.28,9,0.111111111,91,0.296703297
-0.85,0.2,0.3,4,0.75,96,0.28125
-0.85,0.25,0.27,2,0,98,0.275510204
-0.85,0.3,0.18,3,0.333333333,97,0.175257732
-0.85,0.35,0.28,3,0.666666667,97,0.268041237
-0.85,0.4,0.27,4,0.5,96,0.260416667
-0.85,0.45,0.26,1,1,99,0.252525253
-0.85,0.5,0.32,4,0.25,96,0.322916667
-0.85,0.55,0.39,2,0.5,98,0.387755102
-0.85,0.6,0.47,6,0.833333333,94,0.446808511
-0.85,0.65,0.44,10,0.3,90,0.455555556
-0.85,0.7,0.37,4,1,96,0.34375
-0.85,0.75,0.35,8,0.25,92,0.358695652
-0.85,0.8,0.45,6,0.5,94,0.446808511
-0.85,0.85,0.45,3,0,97,0.463917526
-0.85,0.9,0.43,10,0.4,90,0.433333333
-0.85,0.95,0.46,7,0.571428571,93,0.451612903
-0.85,1,0.56,6,0.333333333,94,0.574468085
-0.8,-1,0.61,7,0.714285714,93,0.602150538
-0.8,-0.95,0.55,13,0.615384615,87,0.540229885
-0.8,-0.9,0.66,15,0.4,85,0.705882353
-0.8,-0.85,0.51,11,0.818181818,89,0.471910112
-0.8,-0.8,0.51,6,0.5,94,0.510638298
-0.8,-0.75,0.5,10,0.5,90,0.5
-0.8,-0.7,0.57,10,0.7,90,0.555555556
-0.8,-0.65,0.45,7,0.571428571,93,0.440860215
-0.8,-0.6,0.51,10,0.3,90,0.533333333
-0.8,-0.55,0.38,12,0.333333333,88,0.386363636
-0.8,-0.5,0.29,2,0.5,98,0.285714286
-0.8,-0.45,0.53,9,0.666666667,91,0.516483516
-0.8,-0.4,0.33,7,0.571428571,93,0.311827957
-0.8,-0.35,0.37,7,0.714285714,93,0.344086022
-0.8,-0.3,0.31,15,0.4,85,0.294117647
-0.8,-0.25,0.25,5,0.2,95,0.252631579
-0.8,-0.2,0.33,7,0,93,0.35483871
-0.8,-0.15,0.24,2,1,98,0.224489796
-0.8,-0.1,0.33,4,0.5,96,0.322916667
-0.8,-0.05,0.27,3,0.666666667,97,0.257731959
-0.8,0,0.31,5,0.4,95,0.305263158
-0.8,0.05,0.28,7,0.714285714,93,0.247311828
-0.8,0.1,0.3,6,0,94,0.319148936
-0.8,0.15,0.31,3,0.333333333,97,0.309278351
-0.8,0.2,0.25,10,0.4,90,0.233333333
-0.8,0.25,0.29,5,0.4,95,0.284210526
-0.8,0.3,0.37,7,0.428571429,93,0.365591398
-0.8,0.35,0.32,7,0.714285714,93,0.290322581
-0.8,0.4,0.32,5,0.6,95,0.305263158
-0.8,0.45,0.34,4,0.25,96,0.34375
-0.8,0.5,0.35,3,0.666666667,97,0.340206186
-0.8,0.55,0.33,5,0.4,95,0.326315789
-0.8,0.6,0.38,5,0,95,0.4
-0.8,0.65,0.35,5,0.4,95,0.347368421
-0.8,0.7,0.42,2,0.5,98,0.418367347
-0.8,0.75,0.48,6,0.5,94,0.478723404
-0.8,0.8,0.47,4,0.5,96,0.46875
-0.8,0.85,0.38,6,0.5,94,0.372340426
-0.8,0.9,0.48,5,0.2,95,0.494736842
-0.8,0.95,0.48,1,0,99,0.484848485
-0.8,1,0.47,5,0.6,95,0.463157895
-0.75,-1,0.56,13,0.307692308,87,0.597701149
-0.75,-0.95,0.56,17,0.470588235,83,0.578313253
-0.75,-0.9,0.55,11,0.636363636,89,0.539325843
-0.75,-0.85,0.51,11,0.363636364,89,0.528089888
-0.75,-0.8,0.54,9,0.333333333,91,0.56043956
-0.75,-0.75,0.52,7,0.428571429,93,0.52688172
-0.75,-0.7,0.49,9,0.555555556,91,0.483516484
-0.75,-0.65,0.49,8,0.375,92,0.5
-0.75,-0.6,0.44,5,0.6,95,0.431578947
-0.75,-0.55,0.49,10,0.3,90,0.511111111
-0.75,-0.5,0.38,5,0.2,95,0.389473684
-0.75,-0.45,0.37,3,0.333333333,97,0.371134021
-0.75,-0.4,0.37,5,0.2,95,0.378947368
-0.75,-0.35,0.36,9,0.222222222,91,0.373626374
-0.75,-0.3,0.27,4,0.25,96,0.270833333
-0.75,-0.25,0.39,6,0.5,94,0.382978723
-0.75,-0.2,0.35,3,0.333333333,97,0.350515464
-0.75,-0.15,0.28,9,0.333333333,91,0.274725275
-0.75,-0.1,0.24,9,0.222222222,91,0.241758242
-0.75,-0.05,0.26,3,0.666666667,97,0.24742268
-0.75,0,0.26,4,0.25,96,0.260416667
-0.75,0.05,0.26,6,0.833333333,94,0.223404255
-0.75,0.1,0.27,6,0.166666667,94,0.276595745
-0.75,0.15,0.3,3,0,97,0.309278351
-0.75,0.2,0.3,9,0.333333333,91,0.296703297
-0.75,0.25,0.35,6,0.166666667,94,0.361702128
-0.75,0.3,0.41,5,0.4,95,0.410526316
-0.75,0.35,0.3,1,0,99,0.303030303
-0.75,0.4,0.42,5,0.6,95,0.410526316
-0.75,0.45,0.34,4,0.5,96,0.333333333
-0.75,0.5,0.37,7,0.142857143,93,0.387096774
-0.75,0.55,0.37,1,0,99,0.373737374
-0.75,0.6,0.46,6,0.833333333,94,0.436170213
-0.75,0.65,0.41,4,0.5,96,0.40625
-0.75,0.7,0.44,3,0.666666667,97,0.432989691
-0.75,0.75,0.47,5,1,95,0.442105263
-0.75,0.8,0.48,3,0.666666667,97,0.474226804
-0.75,0.85,0.41,6,0.166666667,94,0.425531915
-0.75,0.9,0.47,4,0,96,0.489583333
-0.75,0.95,0.52,4,0.5,96,0.520833333
-0.75,1,0.48,1,0,99,0.484848485
-0.7,-1,0.6,14,0.5,86,0.61627907
-0.7,-0.95,0.65,10,0.4,90,0.677777778
-0.7,-0.9,0.65,12,0.75,88,0.636363636
-0.7,-0.85,0.47,14,0.357142857,86,0.488372093
-0.7,-0.8,0.57,8,0.375,92,0.586956522
-0.7,-0.75,0.55,11,0.363636364,89,0.573033708
-0.7,-0.7,0.47,13,0.076923077,87,0.528735632
-0.7,-0.65,0.58,8,0.625,92,0.576086957
-0.7,-0.6,0.45,7,0.428571429,93,0.451612903
-0.7,-0.55,0.52,5,0.2,95,0.536842105
-0.7,-0.5,0.48,9,0.777777778,91,0.450549451
-0.7,-0.45,0.38,3,0.333333333,97,0.381443299
-0.7,-0.4,0.5,6,0.5,94,0.5
-0.7,-0.35,0.35,6,0.5,94,0.340425532
-0.7,-0.3,0.35,2,0,98,0.357142857
-0.7,-0.25,0.31,5,0.4,95,0.305263158
-0.7,-0.2,0.32,4,0.25,96,0.322916667
-0.7,-0.15,0.33,6,0.333333333,94,0.329787234
-0.7,-0.1,0.34,3,0.666666667,97,0.329896907
-0.7,-0.05,0.33,6,0.5,94,0.319148936
-0.7,0,0.26,2,0.5,98,0.255102041
-0.7,0.05,0.2,3,0.666666667,97,0.18556701
-0.7,0.1,0.32,1,1,99,0.313131313
-0.7,0.15,0.36,5,0,95,0.378947368
-0.7,0.2,0.3,6,0.166666667,94,0.308510638
-0.7,0.25,0.3,7,0.142857143,93,0.311827957
-0.7,0.3,0.29,6,0.333333333,94,0.287234043
-0.7,0.35,0.39,2,1,98,0.37755102
-0.7,0.4,0.46,3,0.666666667,97,0.453608247
-0.7,0.45,0.42,2,0.5,98,0.418367347
-0.7,0.5,0.43,1,0,99,0.434343434
-0.7,0.55,0.41,4,0.25,96,0.416666667
-0.7,0.6,0.42,4,0.25,96,0.427083333
-0.7,0.65,0.46,3,0.333333333,97,0.463917526
-0.7,0.7,0.46,1,1,99,0.454545455
-0.7,0.75,0.4,6,0.166666667,94,0.414893617
-0.7,0.8,0.42,5,0.4,95,0.421052632
-0.7,0.85,0.45,7,0.571428571,93,0.440860215
-0.7,0.9,0.54,3,0.333333333,97,0.546391753
-0.7,0.95,0.57,0,0,100,0.57
-0.7,1,0.52,2,0.5,98,0.520408163
-0.65,-1,0.63,16,0.3125,84,0.69047619
-0.65,-0.95,0.65,6,0.5,94,0.659574468
-0.65,-0.9,0.58,9,0.555555556,91,0.582417582
-0.65,-0.85,0.55,17,0.352941176,83,0.590361446
-0.65,-0.8,0.6,10,0.5,90,0.611111111
-0.65,-0.75,0.62,8,0.5,92,0.630434783
-0.65,-0.7,0.63,9,0.555555556,91,0.637362637
-0.65,-0.65,0.57,11,0.818181818,89,0.539325843
-0.65,-0.6,0.53,5,0.4,95,0.536842105
-0.65,-0.55,0.53,7,0.142857143,93,0.559139785
-0.65,-0.5,0.52,8,0.625,92,0.510869565
-0.65,-0.45,0.45,3,0,97,0.463917526
-0.65,-0.4,0.42,8,0.625,92,0.402173913
-0.65,-0.35,0.4,4,0.5,96,0.395833333
-0.65,-0.3,0.46,2,1,98,0.448979592
-0.65,-0.25,0.41,6,0.166666667,94,0.425531915
-0.65,-0.2,0.25,4,0.25,96,0.25
-0.65,-0.15,0.32,7,0.142857143,93,0.333333333
-0.65,-0.1,0.43,3,0.666666667,97,0.422680412
-0.65,-0.05,0.28,5,0.4,95,0.273684211
-0.65,0,0.37,3,1,97,0.350515464
-0.65,0.05,0.38,5,0.2,95,0.389473684
-0.65,0.1,0.3,3,0,97,0.309278351
-0.65,0.15,0.34,4,0,96,0.354166667
-0.65,0.2,0.29,2,1,98,0.275510204
-0.65,0.25,0.3,3,0,97,0.309278351
-0.65,0.3,0.32,8,0,92,0.347826087
-0.65,0.35,0.37,6,0.5,94,0.361702128
-0.65,0.4,0.44,3,0.666666667,97,0.432989691
-0.65,0.45,0.34,1,0,99,0.343434343
-0.65,0.5,0.41,6,0.166666667,94,0.425531915
-0.65,0.55,0.44,9,0.333333333,91,0.450549451
-0.65,0.6,0.48,2,0.5,98,0.479591837
-0.65,0.65,0.57,5,0.6,95,0.568421053
-0.65,0.7,0.44,3,0.333333333,97,0.443298969
-0.65,0.75,0.46,2,0,98,0.469387755
-0.65,0.8,0.38,5,0.2,95,0.389473684
-0.65,0.85,0.49,3,0,97,0.505154639
-0.65,0.9,0.53,7,0.428571429,93,0.537634409
-0.65,0.95,0.52,1,0,99,0.525252525
-0.65,1,0.54,6,0.5,94,0.542553191
-0.6,-1,0.64,11,0.363636364,89,0.674157303
-0.6,-0.95,0.61,10,0.2,90,0.655555556
-0.6,-0.9,0.61,13,0.153846154,87,0.67816092
-0.6,-0.85,0.65,8,0.375,92,0.673913043
-0.6,-0.8,0.61,8,0.5,92,0.619565217
-0.6,-0.75,0.54,9,0.555555556,91,0.538461538
-0.6,-0.7,0.59,7,0.571428571,93,0.591397849
-0.6,-0.65,0.58,7,0.428571429,93,0.591397849
-0.6,-0.6,0.58,4,0.75,96,0.572916667
-0.6,-0.55,0.57,6,0.5,94,0.574468085
-0.6,-0.5,0.54,4,0.25,96,0.552083333
-0.6,-0.45,0.5,1,1,99,0.494949495
-0.6,-0.4,0.47,3,0,97,0.484536082
-0.6,-0.35,0.51,6,0.666666667,94,0.5
-0.6,-0.3,0.43,4,0.5,96,0.427083333
-0.6,-0.25,0.42,2,0.5,98,0.418367347
-0.6,-0.2,0.48,2,0.5,98,0.479591837
-0.6,-0.15,0.44,4,0.25,96,0.447916667
-0.6,-0.1,0.36,7,0.285714286,93,0.365591398
-0.6,-0.05,0.42,3,0.666666667,97,0.412371134
-0.6,0,0.36,7,0.428571429,93,0.35483871
-0.6,0.05,0.36,5,0,95,0.378947368
-0.6,0.1,0.33,3,0.333333333,97,0.329896907
-0.6,0.15,0.32,5,0.2,95,0.326315789
-0.6,0.2,0.41,5,0.2,95,0.421052632
-0.6,0.25,0.4,4,0,96,0.416666667
-0.6,0.3,0.38,4,0,96,0.395833333
-0.6,0.35,0.36,4,0,96,0.375
-0.6,0.4,0.42,2,0.5,98,0.418367347
-0.6,0.45,0.41,1,0,99,0.414141414
-0.6,0.5,0.38,3,0.666666667,97,0.371134021
-0.6,0.55,0.43,2,0.5,98,0.428571429
-0.6,0.6,0.55,4,0,96,0.572916667
-0.6,0.65,0.51,1,0,99,0.515151515
-0.6,0.7,0.51,3,0,97,0.525773196
-0.6,0.75,0.43,5,0.6,95,0.421052632
-0.6,0.8,0.47,2,0,98,0.479591837
-0.6,0.85,0.61,1,1,99,0.606060606
-0.6,0.9,0.56,4,0.25,96,0.572916667
-0.6,0.95,0.57,3,0.333333333,97,0.577319588
-0.6,1,0.58,4,0.25,96,0.59375
-0.55,-1,0.55,12,0.416666667,88,0.568181818
-0.55,-0.95,0.71,2,0,98,0.724489796
-0.55,-0.9,0.57,9,0.555555556,91,0.571428571
-0.55,-0.85,0.76,10,0.6,90,0.777777778
-0.55,-0.8,0.65,12,0.5,88,0.670454545
-0.55,-0.75,0.66,7,0.571428571,93,0.666666667
-0.55,-0.7,0.63,9,0.555555556,91,0.637362637
-0.55,-0.65,0.55,5,0.4,95,0.557894737
-0.55,-0.6,0.52,3,0.333333333,97,0.525773196
-0.55,-0.55,0.57,9,0.444444444,91,0.582417582
-0.55,-0.5,0.58,7,0.571428571,93,0.580645161
-0.55,-0.45,0.63,1,0,99,0.636363636
-0.55,-0.4,0.52,2,0,98,0.530612245
-0.55,-0.35,0.51,4,0.5,96,0.510416667
-0.55,-0.3,0.49,2,0.5,98,0.489795918
-0.55,-0.25,0.49,6,0.333333333,94,0.5
-0.55,-0.2,0.45,4,0.25,96,0.458333333
-0.55,-0.15,0.45,3,0.333333333,97,0.453608247
-0.55,-0.1,0.46,11,0.272727273,89,0.483146067
-0.55,-0.05,0.44,7,0.285714286,93,0.451612903
-0.55,0,0.38,7,0.142857143,93,0.397849462
-0.55,0.05,0.39,5,0,95,0.410526316
-0.55,0.1,0.39,5,0.2,95,0.4
-0.55,0.15,0.36,5,0,95,0.378947368
-0.55,0.2,0.42,3,0.333333333,97,0.422680412
-0.55,0.25,0.38,3,0,97,0.391752577
-0.55,0.3,0.37,2,0,98,0.37755102
-0.55,0.35,0.39,2,0,98,0.397959184
-0.55,0.4,0.36,5,0,95,0.378947368
-0.55,0.45,0.5,4,0.25,96,0.510416667
-0.55,0.5,0.4,7,0,93,0.430107527
-0.55,0.55,0.49,1,0,99,0.494949495
-0.55,0.6,0.39,3,0,97,0.402061856
-0.55,0.65,0.38,5,0.2,95,0.389473684
-0.55,0.7,0.59,2,0.5,98,0.591836735
-0.55,0.75,0.51,1,0,99,0.515151515
-0.55,0.8,0.52,2,0.5,98,0.520408163
-0.55,0.85,0.46,2,0,98,0.469387755
-0.55,0.9,0.58,2,1,98,0.571428571
-0.55,0.95,0.54,3,0.666666667,97,0.536082474
-0.55,1,0.56,2,0,98,0.571428571
-0.5,-1,0.71,6,0.333333333,94,0.734042553
-0.5,-0.95,0.63,8,0.375,92,0.652173913
-0.5,-0.9,0.65,12,0.416666667,88,0.681818182
-0.5,-0.85,0.65,7,0.714285714,93,0.64516129
-0.5,-0.8,0.6,13,0.307692308,87,0.643678161
-0.5,-0.75,0.71,6,0.833333333,94,0.70212766
-0.5,-0.7,0.64,8,0.375,92,0.663043478
-0.5,-0.65,0.58,8,0.375,92,0.597826087
-0.5,-0.6,0.68,8,0.5,92,0.695652174
-0.5,-0.55,0.6,5,0,95,0.631578947
-0.5,-0.5,0.54,4,0.5,96,0.541666667
-0.5,-0.45,0.6,2,0.5,98,0.602040816
-0.5,-0.4,0.57,7,0.428571429,93,0.580645161
-0.5,-0.35,0.45,2,0,98,0.459183673
-0.5,-0.3,0.51,4,0.5,96,0.510416667
-0.5,-0.25,0.5,2,0.5,98,0.5
-0.5,-0.2,0.56,2,1,98,0.551020408
-0.5,-0.15,0.45,4,0.25,96,0.458333333
-0.5,-0.1,0.49,3,0.333333333,97,0.494845361
-0.5,-0.05,0.46,4,0,96,0.479166667
-0.5,0,0.41,5,0.2,95,0.421052632
-0.5,0.05,0.37,6,0.166666667,94,0.382978723
-0.5,0.1,0.47,6,0,94,0.5
-0.5,0.15,0.33,7,0.142857143,93,0.344086022
-0.5,0.2,0.42,11,0.363636364,89,0.426966292
-0.5,0.25,0.27,3,0,97,0.278350515
-0.5,0.3,0.4,6,0.166666667,94,0.414893617
-0.5,0.35,0.41,5,0.2,95,0.421052632
-0.5,0.4,0.45,3,0,97,0.463917526
-0.5,0.45,0.39,4,0,96,0.40625
-0.5,0.5,0.48,2,0.5,98,0.479591837
-0.5,0.55,0.38,5,0.4,95,0.378947368
-0.5,0.6,0.49,2,0,98,0.5
-0.5,0.65,0.5,3,0,97,0.515463918
-0.5,0.7,0.48,3,0.333333333,97,0.484536082
-0.5,0.75,0.46,0,0,100,0.46
-0.5,0.8,0.57,4,0.25,96,0.583333333
-0.5,0.85,0.52,3,0.333333333,97,0.525773196
-0.5,0.9,0.47,2,0,98,0.479591837
-0.5,0.95,0.49,1,0,99,0.494949495
-0.5,1,0.55,3,0.333333333,97,0.556701031
-0.45,-1,0.56,16,0.4375,84,0.583333333
-0.45,-0.95,0.68,10,0.5,90,0.7
-0.45,-0.9,0.67,12,0.333333333,88,0.715909091
-0.45,-0.85,0.68,9,0.555555556,91,0.692307692
-0.45,-0.8,0.66,11,0.545454545,89,0.674157303
-0.45,-0.75,0.65,10,0.4,90,0.677777778
-0.45,-0.7,0.57,5,0.4,95,0.578947368
-0.45,-0.65,0.57,6,0.333333333,94,0.585106383
-0.45,-0.6,0.58,4,0.25,96,0.59375
-0.45,-0.55,0.53,2,0.5,98,0.530612245
-0.45,-0.5,0.69,3,0,97,0.711340206
-0.45,-0.45,0.69,3,1,97,0.680412371
-0.45,-0.4,0.57,3,0.333333333,97,0.577319588
-0.45,-0.35,0.5,4,0.5,96,0.5
-0.45,-0.3,0.64,1,0,99,0.646464646
-0.45,-0.25,0.51,7,0.285714286,93,0.52688172
-0.45,-0.2,0.56,2,0.5,98,0.56122449
-0.45,-0.15,0.54,4,0.5,96,0.541666667
-0.45,-0.1,0.51,1,0,99,0.515151515
-0.45,-0.05,0.5,7,0.285714286,93,0.516129032
-0.45,0,0.47,7,0.428571429,93,0.47311828
-0.45,0.05,0.39,16,0.1875,84,0.428571429
-0.45,0.1,0.4,5,0.2,95,0.410526316
-0.45,0.15,0.51,10,0.2,90,0.544444444
-0.45,0.2,0.47,5,0.2,95,0.484210526
-0.45,0.25,0.46,10,0,90,0.511111111
-0.45,0.3,0.41,10,0.1,90,0.444444444
-0.45,0.35,0.39,3,0,97,0.402061856
-0.45,0.4,0.54,4,0.5,96,0.541666667
-0.45,0.45,0.47,5,0,95,0.494736842
-0.45,0.5,0.47,3,0.666666667,97,0.463917526
-0.45,0.55,0.54,0,0,100,0.54
-0.45,0.6,0.46,3,0.333333333,97,0.463917526
-0.45,0.65,0.56,6,0.166666667,94,0.585106383
-0.45,0.7,0.54,3,0,97,0.556701031
-0.45,0.75,0.49,3,0,97,0.505154639
-0.45,0.8,0.56,2,0.5,98,0.56122449
-0.45,0.85,0.6,6,0.166666667,94,0.627659574
-0.45,0.9,0.54,2,0,98,0.551020408
-0.45,0.95,0.64,4,0.75,96,0.635416667
-0.45,1,0.59,1,0,99,0.595959596
-0.4,-1,0.63,15,0.4,85,0.670588235
-0.4,-0.95,0.73,9,0.777777778,91,0.725274725
-0.4,-0.9,0.6,5,0.2,95,0.621052632
-0.4,-0.85,0.61,7,0.714285714,93,0.602150538
-0.4,-0.8,0.68,9,0.555555556,91,0.692307692
-0.4,-0.75,0.66,5,0.6,95,0.663157895
-0.4,-0.7,0.69,7,0.571428571,93,0.698924731
-0.4,-0.65,0.63,9,0.333333333,91,0.659340659
-0.4,-0.6,0.65,4,0.25,96,0.666666667
-0.4,-0.55,0.59,2,1,98,0.581632653
-0.4,-0.5,0.66,4,0.25,96,0.677083333
-0.4,-0.45,0.6,2,1,98,0.591836735
-0.4,-0.4,0.59,2,0.5,98,0.591836735
-0.4,-0.35,0.62,6,0.666666667,94,0.617021277
-0.4,-0.3,0.65,7,0.428571429,93,0.666666667
-0.4,-0.25,0.61,5,0,95,0.642105263
-0.4,-0.2,0.55,4,0.5,96,0.552083333
-0.4,-0.15,0.51,8,0,92,0.554347826
-0.4,-0.1,0.51,7,0.142857143,93,0.537634409
-0.4,-0.05,0.53,6,0,94,0.563829787
-0.4,0,0.51,7,0.142857143,93,0.537634409
-0.4,0.05,0.49,11,0.454545455,89,0.494382022
-0.4,0.1,0.49,17,0.294117647,83,0.530120482
-0.4,0.15,0.45,17,0.235294118,83,0.493975904
-0.4,0.2,0.44,14,0.357142857,86,0.453488372
-0.4,0.25,0.42,11,0.272727273,89,0.438202247
-0.4,0.3,0.38,12,0.166666667,88,0.409090909
-0.4,0.35,0.38,9,0.222222222,91,0.395604396
-0.4,0.4,0.45,9,0.222222222,91,0.472527473
-0.4,0.45,0.49,9,0.222222222,91,0.516483516
-0.4,0.5,0.53,5,0.2,95,0.547368421
-0.4,0.55,0.5,4,0.25,96,0.510416667
-0.4,0.6,0.49,1,0,99,0.494949495
-0.4,0.65,0.56,0,0,100,0.56
-0.4,0.7,0.49,2,0,98,0.5
-0.4,0.75,0.6,3,0.333333333,97,0.608247423
-0.4,0.8,0.57,1,1,99,0.565656566
-0.4,0.85,0.46,3,0,97,0.474226804
-0.4,0.9,0.59,2,0,98,0.602040816
-0.4,0.95,0.58,2,0,98,0.591836735
-0.4,1,0.61,2,0,98,0.62244898
-0.35,-1,0.67,8,0.125,92,0.717391304
-0.35,-0.95,0.7,8,0.25,92,0.739130435
-0.35,-0.9,0.63,13,0.384615385,87,0.666666667
-0.35,-0.85,0.61,9,0.444444444,91,0.626373626
-0.35,-0.8,0.74,9,0.333333333,91,0.78021978
-0.35,-0.75,0.67,6,0.666666667,94,0.670212766
-0.35,-0.7,0.66,7,0.571428571,93,0.666666667
-0.35,-0.65,0.69,3,0.333333333,97,0.701030928
-0.35,-0.6,0.68,5,0.6,95,0.684210526
-0.35,-0.55,0.68,2,0,98,0.693877551
-0.35,-0.5,0.62,1,0,99,0.626262626
-0.35,-0.45,0.64,4,0.5,96,0.645833333
-0.35,-0.4,0.65,0,0,100,0.65
-0.35,-0.35,0.61,3,0.666666667,97,0.608247423
-0.35,-0.3,0.58,3,0.333333333,97,0.587628866
-0.35,-0.25,0.53,2,0.5,98,0.530612245
-0.35,-0.2,0.64,10,0.3,90,0.677777778
-0.35,-0.15,0.52,6,0,94,0.553191489
-0.35,-0.1,0.5,9,0.111111111,91,0.538461538
-0.35,-0.05,0.51,9,0.444444444,91,0.516483516
-0.35,0,0.49,12,0.333333333,88,0.511363636
-0.35,0.05,0.49,18,0.388888889,82,0.512195122
-0.35,0.1,0.46,17,0.058823529,83,0.542168675
-0.35,0.15,0.37,16,0.25,84,0.392857143
-0.35,0.2,0.47,17,0.352941176,83,0.493975904
-0.35,0.25,0.42,18,0.166666667,82,0.475609756
-0.35,0.3,0.5,13,0.307692308,87,0.528735632
-0.35,0.35,0.39,18,0.166666667,82,0.43902439
-0.35,0.4,0.5,22,0.272727273,78,0.564102564
-0.35,0.45,0.46,8,0.25,92,0.47826087
-0.35,0.5,0.4,8,0.25,92,0.413043478
-0.35,0.55,0.54,9,0.222222222,91,0.571428571
-0.35,0.6,0.46,5,0.6,95,0.452631579
-0.35,0.65,0.54,3,0,97,0.556701031
-0.35,0.7,0.49,0,0,100,0.49
-0.35,0.75,0.5,5,0.2,95,0.515789474
-0.35,0.8,0.52,6,0.166666667,94,0.542553191
-0.35,0.85,0.6,2,0,98,0.612244898
-0.35,0.9,0.57,1,0,99,0.575757576
-0.35,0.95,0.66,1,0,99,0.666666667
-0.35,1,0.5,3,0,97,0.515463918
-0.3,-1,0.59,7,0.142857143,93,0.623655914
-0.3,-0.95,0.7,13,0.461538462,87,0.735632184
-0.3,-0.9,0.67,7,0.142857143,93,0.709677419
-0.3,-0.85,0.67,4,0.25,96,0.6875
-0.3,-0.8,0.67,5,0.6,95,0.673684211
-0.3,-0.75,0.71,6,0.666666667,94,0.712765957
-0.3,-0.7,0.67,2,1,98,0.663265306
-0.3,-0.65,0.64,6,0.5,94,0.64893617
-0.3,-0.6,0.67,1,0,99,0.676767677
-0.3,-0.55,0.52,1,0,99,0.525252525
-0.3,-0.5,0.72,1,1,99,0.717171717
-0.3,-0.45,0.69,2,0.5,98,0.693877551
-0.3,-0.4,0.68,3,0.666666667,97,0.680412371
-0.3,-0.35,0.61,6,0.5,94,0.617021277
-0.3,-0.3,0.59,2,0.5,98,0.591836735
-0.3,-0.25,0.54,7,0.142857143,93,0.569892473
-0.3,-0.2,0.48,5,0.2,95,0.494736842
-0.3,-0.15,0.55,10,0.5,90,0.555555556
-0.3,-0.1,0.52,8,0.375,92,0.532608696
-0.3,-0.05,0.47,17,0.058823529,83,0.554216867
-0.3,0,0.46,13,0.461538462,87,0.459770115
-0.3,0.05,0.45,22,0.181818182,78,0.525641026
-0.3,0.1,0.46,23,0.260869565,77,0.519480519
-0.3,0.15,0.42,19,0.263157895,81,0.456790123
-0.3,0.2,0.45,21,0.095238095,79,0.544303797
-0.3,0.25,0.45,17,0.176470588,83,0.506024096
-0.3,0.3,0.41,15,0.4,85,0.411764706
-0.3,0.35,0.43,30,0.266666667,70,0.5
-0.3,0.4,0.48,15,0.266666667,85,0.517647059
-0.3,0.45,0.47,17,0.176470588,83,0.530120482
-0.3,0.5,0.49,18,0.333333333,82,0.524390244
-0.3,0.55,0.57,13,0.307692308,87,0.609195402
-0.3,0.6,0.45,10,0,90,0.5
-0.3,0.65,0.44,7,0,93,0.47311828
-0.3,0.7,0.54,7,0.428571429,93,0.548387097
-0.3,0.75,0.54,9,0.222222222,91,0.571428571
-0.3,0.8,0.52,2,0,98,0.530612245
-0.3,0.85,0.51,9,0.222222222,91,0.538461538
-0.3,0.9,0.6,4,0.25,96,0.614583333
-0.3,0.95,0.52,3,0,97,0.536082474
-0.3,1,0.52,1,0,99,0.525252525
-0.25,-1,0.56,7,0,93,0.602150538
-0.25,-0.95,0.66,7,0.285714286,93,0.688172043
-0.25,-0.9,0.6,6,0.333333333,94,0.617021277
-0.25,-0.85,0.69,5,0.6,95,0.694736842
-0.25,-0.8,0.62,4,0.25,96,0.635416667
-0.25,-0.75,0.73,6,0.5,94,0.744680851
-0.25,-0.7,0.75,8,0.375,92,0.782608696
-0.25,-0.65,0.7,5,0.2,95,0.726315789
-0.25,-0.6,0.63,2,0.5,98,0.632653061
-0.25,-0.55,0.63,4,0.5,96,0.635416667
-0.25,-0.5,0.65,6,0.333333333,94,0.670212766
-0.25,-0.45,0.61,2,0,98,0.62244898
-0.25,-0.4,0.65,3,0.333333333,97,0.659793814
-0.25,-0.35,0.59,7,0.285714286,93,0.612903226
-0.25,-0.3,0.55,2,0,98,0.56122449
-0.25,-0.25,0.6,9,0.333333333,91,0.626373626
-0.25,-0.2,0.56,9,0.333333333,91,0.582417582
-0.25,-0.15,0.52,14,0.214285714,86,0.569767442
-0.25,-0.1,0.49,22,0.363636364,78,0.525641026
-0.25,-0.05,0.47,21,0.285714286,79,0.518987342
-0.25,0,0.47,17,0.176470588,83,0.530120482
-0.25,0.05,0.52,35,0.4,65,0.584615385
-0.25,0.1,0.43,28,0.321428571,72,0.472222222
-0.25,0.15,0.42,29,0.344827586,71,0.450704225
-0.25,0.2,0.52,30,0.433333333,70,0.557142857
-0.25,0.25,0.51,23,0.391304348,77,0.545454545
-0.25,0.3,0.39,25,0.24,75,0.44
-0.25,0.35,0.39,30,0.3,70,0.428571429
-0.25,0.4,0.53,24,0.375,76,0.578947368
-0.25,0.45,0.54,14,0.285714286,86,0.581395349
-0.25,0.5,0.39,21,0.333333333,79,0.405063291
-0.25,0.55,0.57,11,0.181818182,89,0.617977528
-0.25,0.6,0.4,13,0.076923077,87,0.448275862
-0.25,0.65,0.49,10,0,90,0.544444444
-0.25,0.7,0.56,11,0.181818182,89,0.606741573
-0.25,0.75,0.46,6,0.166666667,94,0.478723404
-0.25,0.8,0.58,7,0.142857143,93,0.612903226
-0.25,0.85,0.55,6,0.166666667,94,0.574468085
-0.25,0.9,0.52,4,0,96,0.541666667
-0.25,0.95,0.55,3,0,97,0.567010309
-0.25,1,0.59,2,0.5,98,0.591836735
-0.2,-1,0.75,9,0.444444444,91,0.78021978
-0.2,-0.95,0.69,8,0.375,92,0.717391304
-0.2,-0.9,0.7,8,0.25,92,0.739130435
-0.2,-0.85,0.71,11,0.454545455,89,0.741573034
-0.2,-0.8,0.7,9,0.444444444,91,0.725274725
-0.2,-0.75,0.69,6,0.166666667,94,0.723404255
-0.2,-0.7,0.66,7,0.714285714,93,0.655913978
-0.2,-0.65,0.62,4,0.5,96,0.625
-0.2,-0.6,0.69,6,0.333333333,94,0.712765957
-0.2,-0.55,0.59,1,0,99,0.595959596
-0.2,-0.5,0.65,2,0.5,98,0.653061224
-0.2,-0.45,0.64,1,0,99,0.646464646
-0.2,-0.4,0.58,5,0,95,0.610526316
-0.2,-0.35,0.54,10,0.5,90,0.544444444
-0.2,-0.3,0.52,11,0.363636364,89,0.539325843
-0.2,-0.25,0.5,14,0.142857143,86,0.558139535
-0.2,-0.2,0.52,12,0.416666667,88,0.534090909
-0.2,-0.15,0.59,14,0.357142857,86,0.627906977
-0.2,-0.1,0.38,26,0.230769231,74,0.432432432
-0.2,-0.05,0.48,23,0.391304348,77,0.506493506
-0.2,0,0.38,27,0.222222222,73,0.438356164
-0.2,0.05,0.47,37,0.459459459,63,0.476190476
-0.2,0.1,0.46,44,0.340909091,56,0.553571429
-0.2,0.15,0.51,33,0.454545455,67,0.537313433
-0.2,0.2,0.45,30,0.366666667,70,0.485714286
-0.2,0.25,0.43,43,0.441860465,57,0.421052632
-0.2,0.3,0.37,30,0.3,70,0.4
-0.2,0.35,0.49,29,0.413793103,71,0.521126761
-0.2,0.4,0.43,30,0.3,70,0.485714286
-0.2,0.45,0.37,24,0.458333333,76,0.342105263
-0.2,0.5,0.45,23,0.304347826,77,0.493506494
-0.2,0.55,0.48,11,0.090909091,89,0.528089888
-0.2,0.6,0.56,17,0.176470588,83,0.638554217
-0.2,0.65,0.48,15,0.333333333,85,0.505882353
-0.2,0.7,0.46,13,0.076923077,87,0.517241379
-0.2,0.75,0.49,11,0.090909091,89,0.539325843
-0.2,0.8,0.54,7,0.142857143,93,0.569892473
-0.2,0.85,0.48,6,0.5,94,0.478723404
-0.2,0.9,0.54,0,0,100,0.54
-0.2,0.95,0.55,5,0,95,0.578947368
-0.2,1,0.55,6,0.166666667,94,0.574468085
-0.15,-1,0.75,8,0.75,92,0.75
-0.15,-0.95,0.66,12,0.5,88,0.681818182
-0.15,-0.9,0.68,8,0.5,92,0.695652174
-0.15,-0.85,0.72,7,0.285714286,93,0.752688172
-0.15,-0.8,0.69,4,0.25,96,0.708333333
-0.15,-0.75,0.6,5,0.4,95,0.610526316
-0.15,-0.7,0.74,2,0.5,98,0.744897959
-0.15,-0.65,0.63,4,0,96,0.65625
-0.15,-0.6,0.63,4,0.5,96,0.635416667
-0.15,-0.55,0.63,3,0.666666667,97,0.628865979
-0.15,-0.5,0.61,1,0,99,0.616161616
-0.15,-0.45,0.64,5,0.2,95,0.663157895
-0.15,-0.4,0.57,6,0.666666667,94,0.563829787
-0.15,-0.35,0.54,10,0.4,90,0.555555556
-0.15,-0.3,0.62,8,0.25,92,0.652173913
-0.15,-0.25,0.52,15,0.266666667,85,0.564705882
-0.15,-0.2,0.47,28,0.392857143,72,0.5
-0.15,-0.15,0.58,21,0.428571429,79,0.620253165
-0.15,-0.1,0.52,30,0.5,70,0.528571429
-0.15,-0.05,0.55,28,0.571428571,72,0.541666667
-0.15,0,0.48,36,0.472222222,64,0.484375
-0.15,0.05,0.48,38,0.552631579,62,0.435483871
-0.15,0.1,0.49,37,0.405405405,63,0.53968254
-0.15,0.15,0.55,50,0.62,50,0.48
-0.15,0.2,0.42,50,0.42,50,0.42
-0.15,0.25,0.41,55,0.381818182,45,0.444444444
-0.15,0.3,0.37,41,0.341463415,59,0.389830508
-0.15,0.35,0.43,42,0.380952381,58,0.465517241
-0.15,0.4,0.4,37,0.486486486,63,0.349206349
-0.15,0.45,0.44,34,0.411764706,66,0.454545455
-0.15,0.5,0.39,35,0.228571429,65,0.476923077
-0.15,0.55,0.41,20,0.35,80,0.425
-0.15,0.6,0.4,20,0.2,80,0.45
-0.15,0.65,0.53,27,0.222222222,73,0.643835616
-0.15,0.7,0.43,24,0.208333333,76,0.5
-0.15,0.75,0.53,18,0.333333333,82,0.573170732
-0.15,0.8,0.5,9,0.111111111,91,0.538461538
-0.15,0.85,0.49,16,0.0625,84,0.571428571
-0.15,0.9,0.5,12,0.083333333,88,0.556818182
-0.15,0.95,0.54,10,0.3,90,0.566666667
-0.15,1,0.54,6,0,94,0.574468085
-0.1,-1,0.55,10,0.2,90,0.588888889
-0.1,-0.95,0.67,8,0.5,92,0.684782609
-0.1,-0.9,0.73,7,0.285714286,93,0.76344086
-0.1,-0.85,0.74,5,0.6,95,0.747368421
-0.1,-0.8,0.61,6,0.333333333,94,0.627659574
-0.1,-0.75,0.7,3,0.333333333,97,0.711340206
-0.1,-0.7,0.64,4,0.5,96,0.645833333
-0.1,-0.65,0.62,2,1,98,0.612244898
-0.1,-0.6,0.62,7,0.285714286,93,0.64516129
-0.1,-0.55,0.59,2,0,98,0.602040816
-0.1,-0.5,0.56,5,0,95,0.589473684
-0.1,-0.45,0.51,7,0.142857143,93,0.537634409
-0.1,-0.4,0.49,6,0.166666667,94,0.510638298
-0.1,-0.35,0.48,7,0.142857143,93,0.505376344
-0.1,-0.3,0.51,10,0.3,90,0.533333333
-0.1,-0.25,0.48,20,0.4,80,0.5
-0.1,-0.2,0.41,28,0.392857143,72,0.416666667
-0.1,-0.15,0.47,31,0.451612903,69,0.47826087
-0.1,-0.1,0.44,30,0.433333333,70,0.442857143
-0.1,-0.05,0.52,44,0.5,56,0.535714286
-0.1,0,0.58,40,0.6,60,0.566666667
-0.1,0.05,0.49,53,0.452830189,47,0.531914894
-0.1,0.1,0.44,50,0.48,50,0.4
-0.1,0.15,0.56,59,0.627118644,41,0.463414634
-0.1,0.2,0.48,62,0.532258065,38,0.394736842
-0.1,0.25,0.41,62,0.483870968,38,0.289473684
-0.1,0.3,0.57,57,0.526315789,43,0.627906977
-0.1,0.35,0.48,54,0.444444444,46,0.52173913
-0.1,0.4,0.45,41,0.414634146,59,0.474576271
-0.1,0.45,0.49,41,0.317073171,59,0.610169492
-0.1,0.5,0.48,31,0.387096774,69,0.52173913
-0.1,0.55,0.47,32,0.40625,68,0.5
-0.1,0.6,0.42,35,0.285714286,65,0.492307692
-0.1,0.65,0.45,25,0.44,75,0.453333333
-0.1,0.7,0.42,26,0.230769231,74,0.486486486
-0.1,0.75,0.4,15,0.133333333,85,0.447058824
-0.1,0.8,0.49,10,0.1,90,0.533333333
-0.1,0.85,0.52,15,0.2,85,0.576470588
-0.1,0.9,0.52,9,0,91,0.571428571
-0.1,0.95,0.42,10,0.3,90,0.433333333
-0.1,1,0.42,14,0.142857143,86,0.465116279
-0.05,-1,0.66,11,0.363636364,89,0.696629213
-0.05,-0.95,0.65,14,0.428571429,86,0.686046512
-0.05,-0.9,0.72,8,0.875,92,0.706521739
-0.05,-0.85,0.62,7,0.285714286,93,0.64516129
-0.05,-0.8,0.64,9,0.111111111,91,0.692307692
-0.05,-0.75,0.67,2,0.5,98,0.673469388
-0.05,-0.7,0.67,2,0.5,98,0.673469388
-0.05,-0.65,0.6,7,0.285714286,93,0.623655914
-0.05,-0.6,0.63,4,0.75,96,0.625
-0.05,-0.55,0.56,1,1,99,0.555555556
-0.05,-0.5,0.59,10,0.2,90,0.633333333
-0.05,-0.45,0.55,5,0.2,95,0.568421053
-0.05,-0.4,0.45,9,0.222222222,91,0.472527473
-0.05,-0.35,0.42,9,0.111111111,91,0.450549451
-0.05,-0.3,0.39,16,0.375,84,0.392857143
-0.05,-0.25,0.38,20,0.4,80,0.375
-0.05,-0.2,0.48,28,0.5,72,0.472222222
-0.05,-0.15,0.41,32,0.34375,68,0.441176471
-0.05,-0.1,0.42,34,0.470588235,66,0.393939394
-0.05,-0.05,0.42,43,0.534883721,57,0.333333333
-0.05,0,0.5,48,0.666666667,52,0.346153846
-0.05,0.05,0.53,63,0.619047619,37,0.378378378
-0.05,0.1,0.52,53,0.58490566,47,0.446808511
-0.05,0.15,0.47,60,0.483333333,40,0.45
-0.05,0.2,0.54,67,0.626865672,33,0.363636364
-0.05,0.25,0.58,68,0.647058824,32,0.4375
-0.05,0.3,0.59,63,0.603174603,37,0.567567568
-0.05,0.35,0.44,58,0.448275862,42,0.428571429
-0.05,0.4,0.48,52,0.461538462,48,0.5
-0.05,0.45,0.45,55,0.418181818,45,0.488888889
-0.05,0.5,0.48,43,0.465116279,57,0.49122807
-0.05,0.55,0.36,39,0.358974359,61,0.360655738
-0.05,0.6,0.44,36,0.305555556,64,0.515625
-0.05,0.65,0.45,30,0.4,70,0.471428571
-0.05,0.7,0.42,32,0.28125,68,0.485294118
-0.05,0.75,0.43,27,0.222222222,73,0.506849315
-0.05,0.8,0.46,20,0.25,80,0.5125
-0.05,0.85,0.36,25,0.12,75,0.44
-0.05,0.9,0.44,7,0.142857143,93,0.462365591
-0.05,0.95,0.44,14,0.214285714,86,0.476744186
-0.05,1,0.46,9,0.333333333,91,0.472527473
0,-1,0.63,9,0.333333333,91,0.659340659
0,-0.95,0.61,8,0.375,92,0.630434783
0,-0.9,0.66,4,1,96,0.645833333
0,-0.85,0.75,5,0.4,95,0.768421053
0,-0.8,0.71,4,0.5,96,0.71875
0,-0.75,0.55,6,0.166666667,94,0.574468085
0,-0.7,0.6,3,0.333333333,97,0.608247423
0,-0.65,0.68,4,0,96,0.708333333
0,-0.6,0.53,1,0,99,0.535353535
0,-0.55,0.52,3,0.333333333,97,0.525773196
0,-0.5,0.57,4,0,96,0.59375
0,-0.45,0.47,8,0.125,92,0.5
0,-0.4,0.47,9,0.333333333,91,0.483516484
0,-0.35,0.47,16,0.1875,84,0.523809524
0,-0.3,0.43,16,0.375,84,0.44047619
0,-0.25,0.33,27,0.333333333,73,0.328767123
0,-0.2,0.38,33,0.363636364,67,0.388059701
0,-0.15,0.4,31,0.387096774,69,0.405797101
0,-0.1,0.38,42,0.404761905,58,0.362068966
0,-0.05,0.41,51,0.490196078,49,0.326530612
0,0,0.44,66,0.545454545,34,0.235294118
0,0.05,0.47,64,0.515625,36,0.388888889
0,0.1,0.61,74,0.675675676,26,0.423076923
0,0.15,0.65,76,0.697368421,24,0.5
0,0.2,0.62,73,0.657534247,27,0.518518519
0,0.25,0.59,70,0.714285714,30,0.3
0,0.3,0.6,69,0.710144928,31,0.35483871
0,0.35,0.45,67,0.52238806,33,0.303030303
0,0.4,0.54,73,0.630136986,27,0.296296296
0,0.45,0.45,52,0.538461538,48,0.354166667
0,0.5,0.39,64,0.390625,36,0.388888889
0,0.55,0.36,48,0.375,52,0.346153846
0,0.6,0.44,42,0.357142857,58,0.5
0,0.65,0.43,44,0.363636364,56,0.482142857
0,0.7,0.39,26,0.269230769,74,0.432432432
0,0.75,0.41,25,0.32,75,0.44
0,0.8,0.4,31,0.258064516,69,0.463768116
0,0.85,0.37,23,0.260869565,77,0.402597403
0,0.9,0.42,22,0.181818182,78,0.487179487
0,0.95,0.43,10,0.3,90,0.444444444
0,1,0.45,16,0.125,84,0.511904762
0.05,-1,0.6,11,0.454545455,89,0.617977528
0.05,-0.95,0.69,5,0.6,95,0.694736842
0.05,-0.9,0.76,7,0.428571429,93,0.784946237
0.05,-0.85,0.68,5,0.4,95,0.694736842
0.05,-0.8,0.68,2,0,98,0.693877551
0.05,-0.75,0.66,5,0.4,95,0.673684211
0.05,-0.7,0.65,5,0.6,95,0.652631579
0.05,-0.65,0.53,2,0,98,0.540816327
0.05,-0.6,0.56,6,0.166666667,94,0.585106383
0.05,-0.55,0.52,7,0.428571429,93,0.52688172
0.05,-0.5,0.57,3,1,97,0.556701031
0.05,-0.45,0.51,7,0.285714286,93,0.52688172
0.05,-0.4,0.4,8,0.375,92,0.402173913
0.05,-0.35,0.38,10,0.3,90,0.388888889
0.05,-0.3,0.47,23,0.47826087,77,0.467532468
0.05,-0.25,0.34,31,0.35483871,69,0.333333333
0.05,-0.2,0.41,29,0.482758621,71,0.38028169
0.05,-0.15,0.42,42,0.595238095,58,0.293103448
0.05,-0.1,0.51,50,0.6,50,0.42
0.05,-0.05,0.45,61,0.573770492,39,0.256410256
0.05,0,0.5,72,0.597222222,28,0.25
0.05,0.05,0.59,79,0.670886076,21,0.285714286
0.05,0.1,0.67,81,0.740740741,19,0.368421053
0.05,0.15,0.59,79,0.696202532,21,0.19047619
0.05,0.2,0.66,81,0.75308642,19,0.263157895
0.05,0.25,0.6,85,0.658823529,15,0.266666667
0.05,0.3,0.6,75,0.64,25,0.48
0.05,0.35,0.55,77,0.597402597,23,0.391304348
0.05,0.4,0.62,84,0.702380952,16,0.1875
0.05,0.45,0.54,70,0.614285714,30,0.366666667
0.05,0.5,0.44,61,0.590163934,39,0.205128205
0.05,0.55,0.44,68,0.455882353,32,0.40625
0.05,0.6,0.43,61,0.459016393,39,0.384615385
0.05,0.65,0.53,49,0.571428571,51,0.490196078
0.05,0.7,0.45,44,0.454545455,56,0.446428571
0.05,0.75,0.37,43,0.302325581,57,0.421052632
0.05,0.8,0.35,34,0.411764706,66,0.318181818
0.05,0.85,0.42,29,0.206896552,71,0.507042254
0.05,0.9,0.38,31,0.387096774,69,0.376811594
0.05,0.95,0.28,21,0.333333333,79,0.265822785
0.05,1,0.4,16,0.4375,84,0.392857143
0.1,-1,0.66,10,0.7,90,0.655555556
0.1,-0.95,0.67,13,0.384615385,87,0.712643678
0.1,-0.9,0.71,6,0.333333333,94,0.734042553
0.1,-0.85,0.71,7,0.142857143,93,0.752688172
0.1,-0.8,0.63,7,0.428571429,93,0.64516129
0.1,-0.75,0.68,4,0.5,96,0.6875
0.1,-0.7,0.66,3,0,97,0.680412371
0.1,-0.65,0.56,2,0.5,98,0.56122449
0.1,-0.6,0.53,4,0,96,0.552083333
0.1,-0.55,0.57,6,0.333333333,94,0.585106383
0.1,-0.5,0.62,6,0.166666667,94,0.64893617
0.1,-0.45,0.49,15,0.4,85,0.505882353
0.1,-0.4,0.42,10,0.4,90,0.422222222
0.1,-0.35,0.36,22,0.454545455,78,0.333333333
0.1,-0.3,0.27,25,0.24,75,0.28
0.1,-0.25,0.29,24,0.333333333,76,0.276315789
0.1,-0.2,0.35,41,0.463414634,59,0.271186441
0.1,-0.15,0.44,50,0.56,50,0.32
0.1,-0.1,0.37,54,0.462962963,46,0.260869565
0.1,-0.05,0.42,57,0.543859649,43,0.255813953
0.1,0,0.46,68,0.588235294,32,0.1875
0.1,0.05,0.66,78,0.769230769,22,0.272727273
0.1,0.1,0.7,82,0.780487805,18,0.333333333
0.1,0.15,0.63,78,0.782051282,22,0.090909091
0.1,0.2,0.69,78,0.794871795,22,0.318181818
0.1,0.25,0.66,86,0.720930233,14,0.285714286
0.1,0.3,0.68,92,0.684782609,8,0.625
0.1,0.35,0.68,82,0.719512195,18,0.5
0.1,0.4,0.6,81,0.691358025,19,0.210526316
0.1,0.45,0.59,75,0.706666667,25,0.24
0.1,0.5,0.61,82,0.682926829,18,0.277777778
0.1,0.55,0.55,67,0.626865672,33,0.393939394
0.1,0.6,0.49,65,0.507692308,35,0.457142857
0.1,0.65,0.49,66,0.53030303,34,0.411764706
0.1,0.7,0.46,54,0.481481481,46,0.434782609
0.1,0.75,0.35,59,0.322033898,41,0.390243902
0.1,0.8,0.49,44,0.5,56,0.482142857
0.1,0.85,0.37,49,0.387755102,51,0.352941176
0.1,0.9,0.37,35,0.457142857,65,0.323076923
0.1,0.95,0.35,26,0.307692308,74,0.364864865
0.1,1,0.36,21,0.19047619,79,0.405063291
0.15,-1,0.71,10,0.6,90,0.722222222
0.15,-0.95,0.67,7,0.571428571,93,0.677419355
0.15,-0.9,0.67,7,0.428571429,93,0.688172043
0.15,-0.85,0.63,5,0.4,95,0.642105263
0.15,-0.8,0.67,5,0.6,95,0.673684211
0.15,-0.75,0.67,5,0.6,95,0.673684211
0.15,-0.7,0.65,7,0.285714286,93,0.677419355
0.15,-0.65,0.65,8,0,92,0.706521739
0.15,-0.6,0.59,3,0.666666667,97,0.587628866
0.15,-0.55,0.51,7,0.285714286,93,0.52688172
0.15,-0.5,0.49,5,0.4,95,0.494736842
0.15,-0.45,0.43,8,0.375,92,0.434782609
0.15,-0.4,0.41,11,0.272727273,89,0.426966292
0.15,-0.35,0.39,18,0.277777778,82,0.414634146
0.15,-0.3,0.44,20,0.55,80,0.4125
0.15,-0.25,0.38,16,0.375,84,0.380952381
0.15,-0.2,0.24,33,0.333333333,67,0.194029851
0.15,-0.15,0.32,40,0.4,60,0.266666667
0.15,-0.1,0.37,55,0.509090909,45,0.2
0.15,-0.05,0.44,62,0.580645161,38,0.210526316
0.15,0,0.52,70,0.671428571,30,0.166666667
0.15,0.05,0.71,80,0.7875,20,0.4
0.15,0.1,0.71,88,0.772727273,12,0.25
0.15,0.15,0.67,90,0.722222222,10,0.2
0.15,0.2,0.79,90,0.8,10,0.7
0.15,0.25,0.7,87,0.770114943,13,0.230769231
0.15,0.3,0.78,94,0.79787234,6,0.5
0.15,0.35,0.85,90,0.888888889,10,0.5
0.15,0.4,0.78,88,0.829545455,12,0.416666667
0.15,0.45,0.6,81,0.691358025,19,0.210526316
0.15,0.5,0.63,76,0.723684211,24,0.333333333
0.15,0.55,0.57,77,0.649350649,23,0.304347826
0.15,0.6,0.53,72,0.638888889,28,0.25
0.15,0.65,0.54,67,0.611940299,33,0.393939394
0.15,0.7,0.44,68,0.485294118,32,0.34375
0.15,0.75,0.49,57,0.578947368,43,0.372093023
0.15,0.8,0.41,53,0.471698113,47,0.340425532
0.15,0.85,0.41,44,0.5,56,0.339285714
0.15,0.9,0.44,45,0.533333333,55,0.363636364
0.15,0.95,0.34,40,0.375,60,0.316666667
0.15,1,0.34,33,0.363636364,67,0.328358209
0.2,-1,0.68,10,0.5,90,0.7
0.2,-0.95,0.68,10,0.3,90,0.722222222
0.2,-0.9,0.68,6,0.333333333,94,0.70212766
0.2,-0.85,0.67,5,0,95,0.705263158
0.2,-0.8,0.74,5,1,95,0.726315789
0.2,-0.75,0.61,4,0.5,96,0.614583333
0.2,-0.7,0.64,4,0.25,96,0.65625
0.2,-0.65,0.65,7,0.428571429,93,0.666666667
0.2,-0.6,0.56,3,0,97,0.577319588
0.2,-0.55,0.5,5,0.2,95,0.515789474
0.2,-0.5,0.47,9,0.111111111,91,0.505494505
0.2,-0.45,0.53,7,0.142857143,93,0.559139785
0.2,-0.4,0.37,18,0.222222222,82,0.402439024
0.2,-0.35,0.34,15,0.333333333,85,0.341176471
0.2,-0.3,0.32,20,0.25,80,0.3375
0.2,-0.25,0.31,28,0.464285714,72,0.25
0.2,-0.2,0.37,45,0.444444444,55,0.309090909
0.2,-0.15,0.34,49,0.408163265,51,0.274509804
0.2,-0.1,0.47,58,0.603448276,42,0.285714286
0.2,-0.05,0.5,62,0.64516129,38,0.263157895
0.2,0,0.52,66,0.681818182,34,0.205882353
0.2,0.05,0.56,77,0.688311688,23,0.130434783
0.2,0.1,0.73,88,0.75,12,0.583333333
0.2,0.15,0.7,85,0.811764706,15,0.066666667
0.2,0.2,0.78,90,0.855555556,10,0.1
0.2,0.25,0.87,94,0.914893617,6,0.166666667
0.2,0.3,0.79,95,0.8,5,0.6
0.2,0.35,0.84,92,0.858695652,8,0.625
0.2,0.4,0.73,93,0.774193548,7,0.142857143
0.2,0.45,0.75,89,0.797752809,11,0.363636364
0.2,0.5,0.73,86,0.813953488,14,0.214285714
0.2,0.55,0.6,76,0.684210526,24,0.333333333
0.2,0.6,0.66,82,0.768292683,18,0.166666667
0.2,0.65,0.66,85,0.694117647,15,0.466666667
0.2,0.7,0.57,80,0.6375,20,0.3
0.2,0.75,0.45,68,0.485294118,32,0.375
0.2,0.8,0.42,59,0.508474576,41,0.292682927
0.2,0.85,0.33,52,0.346153846,48,0.3125
0.2,0.9,0.38,42,0.404761905,58,0.362068966
0.2,0.95,0.38,52,0.480769231,48,0.270833333
0.2,1,0.27,40,0.225,60,0.3
0.25,-1,0.75,7,0.285714286,93,0.784946237
0.25,-0.95,0.69,10,0.4,90,0.722222222
0.25,-0.9,0.6,6,0.333333333,94,0.617021277
0.25,-0.85,0.71,9,0.777777778,91,0.703296703
0.25,-0.8,0.63,5,0.4,95,0.642105263
0.25,-0.75,0.66,7,0.571428571,93,0.666666667
0.25,-0.7,0.64,2,0,98,0.653061224
0.25,-0.65,0.62,4,0.5,96,0.625
0.25,-0.6,0.6,5,0,95,0.631578947
0.25,-0.55,0.47,7,0.142857143,93,0.494623656
0.25,-0.5,0.51,7,0.142857143,93,0.537634409
0.25,-0.45,0.37,6,0,94,0.393617021
0.25,-0.4,0.36,10,0.2,90,0.377777778
0.25,-0.35,0.33,14,0.285714286,86,0.337209302
0.25,-0.3,0.35,19,0.210526316,81,0.382716049
0.25,-0.25,0.33,29,0.379310345,71,0.309859155
0.25,-0.2,0.32,33,0.424242424,67,0.268656716
0.25,-0.15,0.31,39,0.461538462,61,0.213114754
0.25,-0.1,0.33,55,0.436363636,45,0.2
0.25,-0.05,0.44,66,0.560606061,34,0.205882353
0.25,0,0.5,70,0.657142857,30,0.133333333
0.25,0.05,0.63,81,0.740740741,19,0.157894737
0.25,0.1,0.69,85,0.788235294,15,0.133333333
0.25,0.15,0.78,90,0.822222222,10,0.4
0.25,0.2,0.84,91,0.879120879,9,0.444444444
0.25,0.25,0.89,97,0.896907216,3,0.666666667
0.25,0.3,0.85,92,0.902173913,8,0.25
0.25,0.35,0.84,93,0.892473118,7,0.142857143
0.25,0.4,0.87,92,0.902173913,8,0.5
0.25,0.45,0.79,93,0.849462366,7,0
0.25,0.5,0.77,89,0.808988764,11,0.454545455
0.25,0.55,0.63,82,0.707317073,18,0.277777778
0.25,0.6,0.69,83,0.771084337,17,0.294117647
0.25,0.65,0.63,77,0.727272727,23,0.304347826
0.25,0.7,0.53,73,0.602739726,27,0.333333333
0.25,0.75,0.67,77,0.766233766,23,0.347826087
0.25,0.8,0.55,75,0.6,25,0.4
0.25,0.85,0.42,61,0.557377049,39,0.205128205
0.25,0.9,0.42,56,0.410714286,44,0.431818182
0.25,0.95,0.36,51,0.450980392,49,0.265306122
0.25,1,0.31,43,0.348837209,57,0.280701754
0.3,-1,0.65,12,0.416666667,88,0.681818182
0.3,-0.95,0.7,5,0.4,95,0.715789474
0.3,-0.9,0.67,8,0.5,92,0.684782609
0.3,-0.85,0.73,5,0.2,95,0.757894737
0.3,-0.8,0.69,5,0.2,95,0.715789474
0.3,-0.75,0.77,4,0.5,96,0.78125
0.3,-0.7,0.68,3,0.333333333,97,0.690721649
0.3,-0.65,0.63,4,0.75,96,0.625
0.3,-0.6,0.51,4,0.25,96,0.520833333
0.3,-0.55,0.49,3,0.333333333,97,0.494845361
0.3,-0.5,0.47,6,0.166666667,94,0.489361702
0.3,-0.45,0.43,8,0,92,0.467391304
0.3,-0.4,0.43,11,0.181818182,89,0.460674157
0.3,-0.35,0.33,13,0.307692308,87,0.333333333
0.3,-0.3,0.33,21,0.333333333,79,0.329113924
0.3,-0.25,0.28,25,0.36,75,0.253333333
0.3,-0.2,0.25,32,0.3125,68,0.220588235
0.3,-0.15,0.31,41,0.414634146,59,0.237288136
0.3,-0.1,0.37,53,0.547169811,47,0.170212766
0.3,-0.05,0.46,64,0.609375,36,0.194444444
0.3,0,0.59,76,0.671052632,24,0.333333333
0.3,0.05,0.56,79,0.658227848,21,0.19047619
0.3,0.1,0.74,93,0.774193548,7,0.285714286
0.3,0.15,0.7,90,0.766666667,10,0.1
0.3,0.2,0.82,93,0.849462366,7,0.428571429
0.3,0.25,0.83,91,0.901098901,9,0.111111111
0.3,0.3,0.87,95,0.884210526,5,0.6
0.3,0.35,0.83,93,0.870967742,7,0.285714286
0.3,0.4,0.92,96,0.9375,4,0.5
0.3,0.45,0.83,96,0.864583333,4,0
0.3,0.5,0.83,94,0.861702128,6,0.333333333
0.3,0.55,0.74,88,0.829545455,12,0.083333333
0.3,0.6,0.76,94,0.776595745,6,0.5
0.3,0.65,0.71,86,0.755813953,14,0.428571429
0.3,0.7,0.78,82,0.865853659,18,0.388888889
0.3,0.75,0.61,79,0.683544304,21,0.333333333
0.3,0.8,0.66,70,0.814285714,30,0.3
0.3,0.85,0.49,69,0.579710145,31,0.290322581
0.3,0.9,0.46,59,0.610169492,41,0.243902439
0.3,0.95,0.39,66,0.484848485,34,0.205882353
0.3,1,0.37,58,0.517241379,42,0.166666667
0.35,-1,0.64,9,0.444444444,91,0.659340659
0.35,-0.95,0.74,10,0.6,90,0.755555556
0.35,-0.9,0.67,3,0.333333333,97,0.680412371
0.35,-0.85,0.7,1,0,99,0.707070707
0.35,-0.8,0.65,6,0.166666667,94,0.680851064
0.35,-0.75,0.69,4,0,96,0.71875
0.35,-0.7,0.68,2,0,98,0.693877551
0.35,-0.65,0.67,5,0.6,95,0.673684211
0.35,-0.6,0.56,4,0,96,0.583333333
0.35,-0.55,0.59,5,0.2,95,0.610526316
0.35,-0.5,0.45,2,0,98,0.459183673
0.35,-0.45,0.42,8,0.25,92,0.434782609
0.35,-0.4,0.36,10,0.1,90,0.388888889
0.35,-0.35,0.41,17,0.352941176,83,0.421686747
0.35,-0.3,0.24,9,0,91,0.263736264
0.35,-0.25,0.2,36,0.305555556,64,0.140625
0.35,-0.2,0.28,27,0.518518519,73,0.191780822
0.35,-0.15,0.26,41,0.268292683,59,0.254237288
0.35,-0.1,0.36,51,0.490196078,49,0.224489796
0.35,-0.05,0.41,56,0.607142857,44,0.159090909
0.35,0,0.43,68,0.558823529,32,0.15625
0.35,0.05,0.61,73,0.726027397,27,0.296296296
0.35,0.1,0.65,72,0.833333333,28,0.178571429
0.35,0.15,0.77,90,0.844444444,10,0.1
0.35,0.2,0.71,87,0.793103448,13,0.153846154
0.35,0.25,0.87,91,0.934065934,9,0.222222222
0.35,0.3,0.92,97,0.93814433,3,0.333333333
0.35,0.35,0.9,97,0.917525773,3,0.333333333
0.35,0.4,0.91,98,0.908163265,2,1
0.35,0.45,0.84,94,0.872340426,6,0.333333333
0.35,0.5,0.84,94,0.840425532,6,0.833333333
0.35,0.55,0.79,91,0.857142857,9,0.111111111
0.35,0.6,0.92,96,0.947916667,4,0.25
0.35,0.65,0.73,84,0.833333333,16,0.1875
0.35,0.7,0.65,88,0.715909091,12,0.166666667
0.35,0.75,0.75,85,0.823529412,15,0.333333333
0.35,0.8,0.63,83,0.734939759,17,0.117647059
0.35,0.85,0.5,72,0.597222222,28,0.25
0.35,0.9,0.47,68,0.661764706,32,0.0625
0.35,0.95,0.42,64,0.5625,36,0.166666667
0.35,1,0.41,48,0.604166667,52,0.230769231
0.4,-1,0.67,10,0.3,90,0.711111111
0.4,-0.95,0.65,10,0.2,90,0.7
0.4,-0.9,0.69,7,0.428571429,93,0.709677419
0.4,-0.85,0.7,2,1,98,0.693877551
0.4,-0.8,0.75,7,0.428571429,93,0.774193548
0.4,-0.75,0.62,3,0.666666667,97,0.618556701
0.4,-0.7,0.63,7,0.142857143,93,0.666666667
0.4,-0.65,0.63,3,0.333333333,97,0.639175258
0.4,-0.6,0.59,1,0,99,0.595959596
0.4,-0.55,0.61,5,0.2,95,0.631578947
0.4,-0.5,0.53,3,0.333333333,97,0.536082474
0.4,-0.45,0.43,13,0.153846154,87,0.471264368
0.4,-0.4,0.38,12,0.166666667,88,0.409090909
0.4,-0.35,0.45,8,0.5,92,0.445652174
0.4,-0.3,0.34,13,0.384615385,87,0.333333333
0.4,-0.25,0.27,23,0.173913043,77,0.298701299
0.4,-0.2,0.22,27,0.37037037,73,0.164383562
0.4,-0.15,0.26,35,0.342857143,65,0.215384615
0.4,-0.1,0.27,44,0.386363636,56,0.178571429
0.4,-0.05,0.32,61,0.409836066,39,0.179487179
0.4,0,0.49,73,0.602739726,27,0.185185185
0.4,0.05,0.48,73,0.602739726,27,0.148148148
0.4,0.1,0.64,78,0.769230769,22,0.181818182
0.4,0.15,0.66,84,0.75,16,0.1875
0.4,0.2,0.75,94,0.79787234,6,0
0.4,0.25,0.79,94,0.819148936,6,0.333333333
0.4,0.3,0.81,90,0.877777778,10,0.2
0.4,0.35,0.89,94,0.914893617,6,0.5
0.4,0.4,0.87,97,0.886597938,3,0.333333333
0.4,0.45,0.86,95,0.884210526,5,0.4
0.4,0.5,0.87,98,0.887755102,2,0
0.4,0.55,0.86,97,0.87628866,3,0.333333333
0.4,0.6,0.86,96,0.885416667,4,0.25
0.4,0.65,0.77,92,0.793478261,8,0.5
0.4,0.7,0.77,90,0.833333333,10,0.2
0.4,0.75,0.73,95,0.757894737,5,0.2
0.4,0.8,0.78,87,0.896551724,13,0
0.4,0.85,0.56,82,0.658536585,18,0.111111111
0.4,0.9,0.63,69,0.782608696,31,0.290322581
0.4,0.95,0.43,72,0.555555556,28,0.107142857
0.4,1,0.44,69,0.507246377,31,0.290322581
0.45,-1,0.73,6,0.666666667,94,0.734042553
0.45,-0.95,0.75,10,0.6,90,0.766666667
0.45,-0.9,0.73,2,1,98,0.724489796
0.45,-0.85,0.62,6,0.166666667,94,0.64893617
0.45,-0.8,0.66,8,0.375,92,0.684782609
0.45,-0.75,0.59,7,0.571428571,93,0.591397849
0.45,-0.7,0.62,4,0,96,0.645833333
0.45,-0.65,0.6,4,0,96,0.625
0.45,-0.6,0.54,1,1,99,0.535353535
0.45,-0.55,0.63,2,0.5,98,0.632653061
0.45,-0.5,0.52,2,0,98,0.530612245
0.45,-0.45,0.44,5,0,95,0.463157895
0.45,-0.4,0.37,12,0.25,88,0.386363636
0.45,-0.35,0.4,10,0.4,90,0.4
0.45,-0.3,0.28,16,0.25,84,0.285714286
0.45,-0.25,0.31,22,0.181818182,78,0.346153846
0.45,-0.2,0.25,17,0,83,0.301204819
0.45,-0.15,0.25,34,0.382352941,66,0.181818182
0.45,-0.1,0.25,39,0.461538462,61,0.114754098
0.45,-0.05,0.32,43,0.627906977,57,0.087719298
0.45,0,0.36,63,0.507936508,37,0.108108108
0.45,0.05,0.44,64,0.640625,36,0.083333333
0.45,0.1,0.54,82,0.634146341,18,0.111111111
0.45,0.15,0.67,82,0.780487805,18,0.166666667
0.45,0.2,0.75,90,0.822222222,10,0.1
0.45,0.25,0.8,88,0.863636364,12,0.333333333
0.45,0.3,0.81,95,0.831578947,5,0.4
0.45,0.35,0.87,98,0.867346939,2,1
0.45,0.4,0.89,97,0.907216495,3,0.333333333
0.45,0.45,0.89,96,0.916666667,4,0.25
0.45,0.5,0.88,94,0.925531915,6,0.166666667
0.45,0.55,0.86,96,0.895833333,4,0
0.45,0.6,0.9,99,0.898989899,1,1
0.45,0.65,0.87,96,0.885416667,4,0.5
0.45,0.7,0.82,91,0.846153846,9,0.555555556
0.45,0.75,0.72,92,0.75,8,0.375
0.45,0.8,0.74,86,0.813953488,14,0.285714286
0.45,0.85,0.72,88,0.795454545,12,0.166666667
0.45,0.9,0.52,80,0.625,20,0.1
0.45,0.95,0.61,78,0.705128205,22,0.272727273
0.45,1,0.4,67,0.47761194,33,0.242424242
0.5,-1,0.75,7,0.428571429,93,0.774193548
0.5,-0.95,0.78,3,0.333333333,97,0.793814433
0.5,-0.9,0.69,10,0.3,90,0.733333333
0.5,-0.85,0.74,6,0.833333333,94,0.734042553
0.5,-0.8,0.69,6,0.5,94,0.70212766
0.5,-0.75,0.63,5,0,95,0.663157895
0.5,-0.7,0.63,4,0.25,96,0.645833333
0.5,-0.65,0.67,4,0.75,96,0.666666667
0.5,-0.6,0.56,2,0,98,0.571428571
0.5,-0.55,0.52,6,0.166666667,94,0.542553191
0.5,-0.5,0.54,7,0.285714286,93,0.559139785
0.5,-0.45,0.35,6,0.166666667,94,0.361702128
0.5,-0.4,0.35,4,0.5,96,0.34375
0.5,-0.35,0.36,9,0.111111111,91,0.384615385
0.5,-0.3,0.3,11,0.181818182,89,0.314606742
0.5,-0.25,0.39,18,0.222222222,82,0.426829268
0.5,-0.2,0.28,23,0.260869565,77,0.285714286
0.5,-0.15,0.24,31,0.290322581,69,0.217391304
0.5,-0.1,0.22,41,0.341463415,59,0.13559322
0.5,-0.05,0.27,52,0.384615385,48,0.145833333
0.5,0,0.41,56,0.571428571,44,0.204545455
0.5,0.05,0.42,65,0.615384615,35,0.057142857
0.5,0.1,0.45,67,0.641791045,33,0.060606061
0.5,0.15,0.64,82,0.743902439,18,0.166666667
0.5,0.2,0.74,87,0.83908046,13,0.076923077
0.5,0.25,0.68,89,0.764044944,11,0
0.5,0.3,0.84,96,0.864583333,4,0.25
0.5,0.35,0.83,93,0.88172043,7,0.142857143
0.5,0.4,0.91,95,0.936842105,5,0.4
0.5,0.45,0.89,98,0.908163265,2,0
0.5,0.5,0.91,99,0.919191919,1,0
0.5,0.55,0.86,95,0.884210526,5,0.4
0.5,0.6,0.84,96,0.875,4,0
0.5,0.65,0.88,98,0.897959184,2,0
0.5,0.7,0.8,95,0.831578947,5,0.2
0.5,0.75,0.71,96,0.739583333,4,0
0.5,0.8,0.76,90,0.822222222,10,0.2
0.5,0.85,0.73,90,0.788888889,10,0.2
0.5,0.9,0.64,90,0.7,10,0.1
0.5,0.95,0.63,82,0.731707317,18,0.166666667
0.5,1,0.56,81,0.617283951,19,0.315789474
0.55,-1,0.73,5,0.8,95,0.726315789
0.55,-0.95,0.68,9,0.333333333,91,0.714285714
0.55,-0.9,0.69,4,0.25,96,0.708333333
0.55,-0.85,0.76,2,0,98,0.775510204
0.55,-0.8,0.71,5,0.8,95,0.705263158
0.55,-0.75,0.67,1,1,99,0.666666667
0.55,-0.7,0.61,7,0.285714286,93,0.634408602
0.55,-0.65,0.56,3,0,97,0.577319588
0.55,-0.6,0.54,8,0.125,92,0.576086957
0.55,-0.55,0.5,1,0,99,0.505050505
0.55,-0.5,0.43,4,0,96,0.447916667
0.55,-0.45,0.44,11,0.272727273,89,0.460674157
0.55,-0.4,0.39,6,0,94,0.414893617
0.55,-0.35,0.41,12,0.25,88,0.431818182
0.55,-0.3,0.33,14,0.142857143,86,0.360465116
0.55,-0.25,0.22,18,0.111111111,82,0.243902439
0.55,-0.2,0.27,25,0.28,75,0.266666667
0.55,-0.15,0.16,24,0.166666667,76,0.157894737
0.55,-0.1,0.28,31,0.387096774,69,0.231884058
0.55,-0.05,0.28,43,0.534883721,57,0.087719298
0.55,0,0.34,61,0.426229508,39,0.205128205
0.55,0.05,0.34,60,0.483333333,40,0.125
0.55,0.1,0.41,74,0.472972973,26,0.230769231
0.55,0.15,0.58,81,0.654320988,19,0.263157895
0.55,0.2,0.75,84,0.869047619,16,0.125
0.55,0.25,0.74,95,0.757894737,5,0.4
0.55,0.3,0.76,93,0.806451613,7,0.142857143
0.55,0.35,0.87,96,0.885416667,4,0.5
0.55,0.4,0.85,93,0.892473118,7,0.285714286
0.55,0.45,0.88,98,0.897959184,2,0
0.55,0.5,0.88,96,0.90625,4,0.25
0.55,0.55,0.92,98,0.93877551,2,0
0.55,0.6,0.9,96,0.927083333,4,0.25
0.55,0.65,0.93,100,0.93,0,0
0.55,0.7,0.85,96,0.885416667,4,0
0.55,0.75,0.82,96,0.833333333,4,0.5
0.55,0.8,0.73,97,0.75257732,3,0
0.55,0.85,0.69,95,0.705263158,5,0.4
0.55,0.9,0.69,91,0.725274725,9,0.333333333
0.55,0.95,0.57,84,0.642857143,16,0.1875
0.55,1,0.54,79,0.670886076,21,0.047619048
0.6,-1,0.68,16,0.5625,84,0.702380952
0.6,-0.95,0.71,7,0.285714286,93,0.741935484
0.6,-0.9,0.64,10,0.4,90,0.666666667
0.6,-0.85,0.69,2,0.5,98,0.693877551
0.6,-0.8,0.65,4,0.5,96,0.65625
0.6,-0.75,0.75,2,1,98,0.744897959
0.6,-0.7,0.59,3,0,97,0.608247423
0.6,-0.65,0.6,3,0.666666667,97,0.597938144
0.6,-0.6,0.65,5,0.4,95,0.663157895
0.6,-0.55,0.5,3,0.333333333,97,0.505154639
0.6,-0.5,0.51,5,0,95,0.536842105
0.6,-0.45,0.49,0,0,100,0.49
0.6,-0.4,0.48,4,0.25,96,0.489583333
0.6,-0.35,0.39,8,0.25,92,0.402173913
0.6,-0.3,0.3,8,0.25,92,0.304347826
0.6,-0.25,0.3,12,0,88,0.340909091
0.6,-0.2,0.27,18,0.166666667,82,0.292682927
0.6,-0.15,0.23,19,0.105263158,81,0.259259259
0.6,-0.1,0.23,27,0.333333333,73,0.191780822
0.6,-0.05,0.26,33,0.454545455,67,0.164179104
0.6,0,0.33,57,0.438596491,43,0.186046512
0.6,0.05,0.31,48,0.479166667,52,0.153846154
0.6,0.1,0.45,60,0.55,40,0.3
0.6,0.15,0.54,79,0.632911392,21,0.19047619
0.6,0.2,0.46,71,0.633802817,29,0.034482759
0.6,0.25,0.71,81,0.827160494,19,0.210526316
0.6,0.3,0.74,93,0.784946237,7,0.142857143
0.6,0.35,0.8,90,0.844444444,10,0.4
0.6,0.4,0.8,90,0.844444444,10,0.4
0.6,0.45,0.84,92,0.880434783,8,0.375
0.6,0.5,0.85,95,0.894736842,5,0
0.6,0.55,0.93,97,0.958762887,3,0
0.6,0.6,0.79,98,0.806122449,2,0
0.6,0.65,0.88,99,0.888888889,1,0
0.6,0.7,0.83,93,0.88172043,7,0.142857143
0.6,0.75,0.85,95,0.894736842,5,0
0.6,0.8,0.83,95,0.873684211,5,0
0.6,0.85,0.64,92,0.684782609,8,0.125
0.6,0.9,0.54,85,0.611764706,15,0.133333333
0.6,0.95,0.62,87,0.67816092,13,0.230769231
0.6,1,0.42,78,0.461538462,22,0.272727273
0.65,-1,0.76,8,0.625,92,0.77173913
0.65,-0.95,0.68,5,0.4,95,0.694736842
0.65,-0.9,0.68,7,0.428571429,93,0.698924731
0.65,-0.85,0.6,8,0.5,92,0.608695652
0.65,-0.8,0.67,5,0.2,95,0.694736842
0.65,-0.75,0.73,2,0,98,0.744897959
0.65,-0.7,0.61,3,0.333333333,97,0.618556701
0.65,-0.65,0.66,2,0.5,98,0.663265306
0.65,-0.6,0.54,4,0.25,96,0.552083333
0.65,-0.55,0.63,3,0,97,0.649484536
0.65,-0.5,0.42,4,0.25,96,0.427083333
0.65,-0.45,0.49,3,1,97,0.474226804
0.65,-0.4,0.4,3,0.333333333,97,0.402061856
0.65,-0.35,0.39,13,0.307692308,87,0.402298851
0.65,-0.3,0.4,7,0,93,0.430107527
0.65,-0.25,0.26,7,0.285714286,93,0.258064516
0.65,-0.2,0.25,15,0.266666667,85,0.247058824
0.65,-0.15,0.29,15,0.4,85,0.270588235
0.65,-0.1,0.24,23,0.391304348,77,0.194805195
0.65,-0.05,0.27,39,0.435897436,61,0.163934426
0.65,0,0.27,40,0.425,60,0.166666667
0.65,0.05,0.26,58,0.293103448,42,0.214285714
0.65,0.1,0.39,54,0.518518519,46,0.239130435
0.65,0.15,0.39,63,0.53968254,37,0.135135135
0.65,0.2,0.65,81,0.765432099,19,0.157894737
0.65,0.25,0.51,78,0.602564103,22,0.181818182
0.65,0.3,0.68,92,0.717391304,8,0.25
0.65,0.35,0.72,88,0.806818182,12,0.083333333
0.65,0.4,0.81,91,0.879120879,9,0.111111111
0.65,0.45,0.81,93,0.838709677,7,0.428571429
0.65,0.5,0.78,94,0.829787234,6,0
0.65,0.55,0.9,99,0.909090909,1,0
0.65,0.6,0.88,99,0.888888889,1,0
0.65,0.65,0.89,97,0.907216495,3,0.333333333
0.65,0.7,0.8,95,0.821052632,5,0.4
0.65,0.75,0.81,98,0.806122449,2,1
0.65,0.8,0.7,91,0.747252747,9,0.222222222
0.65,0.85,0.68,89,0.730337079,11,0.272727273
0.65,0.9,0.7,95,0.726315789,5,0.2
0.65,0.95,0.56,80,0.6375,20,0.25
0.65,1,0.57,80,0.625,20,0.35
0.7,-1,0.74,6,0.666666667,94,0.744680851
0.7,-0.95,0.61,10,0.3,90,0.644444444
0.7,-0.9,0.66,4,0.5,96,0.666666667
0.7,-0.85,0.7,5,0.6,95,0.705263158
0.7,-0.8,0.68,3,0.333333333,97,0.690721649
0.7,-0.75,0.68,4,0.5,96,0.6875
0.7,-0.7,0.55,1,0,99,0.555555556
0.7,-0.65,0.71,1,1,99,0.707070707
0.7,-0.6,0.55,3,0,97,0.567010309
0.7,-0.55,0.53,1,0,99,0.535353535
0.7,-0.5,0.52,3,0.333333333,97,0.525773196
0.7,-0.45,0.52,4,0,96,0.541666667
0.7,-0.4,0.4,5,0,95,0.421052632
0.7,-0.35,0.33,6,0.166666667,94,0.340425532
0.7,-0.3,0.37,3,0,97,0.381443299
0.7,-0.25,0.34,12,0.333333333,88,0.340909091
0.7,-0.2,0.24,15,0.2,85,0.247058824
0.7,-0.15,0.18,14,0.071428571,86,0.197674419
0.7,-0.1,0.27,17,0.352941176,83,0.253012048
0.7,-0.05,0.29,31,0.35483871,69,0.260869565
0.7,0,0.27,44,0.318181818,56,0.232142857
0.7,0.05,0.24,42,0.30952381,58,0.189655172
0.7,0.1,0.35,56,0.553571429,44,0.090909091
0.7,0.15,0.33,66,0.363636364,34,0.264705882
0.7,0.2,0.43,70,0.557142857,30,0.133333333
0.7,0.25,0.54,71,0.676056338,29,0.206896552
0.7,0.3,0.66,88,0.715909091,12,0.25
0.7,0.35,0.68,88,0.761363636,12,0.083333333
0.7,0.4,0.81,94,0.840425532,6,0.333333333
0.7,0.45,0.86,92,0.913043478,8,0.25
0.7,0.5,0.85,96,0.885416667,4,0
0.7,0.55,0.89,98,0.908163265,2,0
0.7,0.6,0.88,96,0.90625,4,0.25
0.7,0.65,0.87,98,0.87755102,2,0.5
0.7,0.7,0.88,99,0.888888889,1,0
0.7,0.75,0.84,90,0.866666667,10,0.6
0.7,0.8,0.71,92,0.760869565,8,0.125
0.7,0.85,0.76,93,0.795698925,7,0.285714286
0.7,0.9,0.64,82,0.719512195,18,0.277777778
0.7,0.95,0.57,82,0.609756098,18,0.388888889
0.7,1,0.5,75,0.573333333,25,0.28
0.75,-1,0.73,4,0.5,96,0.739583333
0.75,-0.95,0.7,4,0.5,96,0.708333333
0.75,-0.9,0.7,8,0.5,92,0.717391304
0.75,-0.85,0.7,5,1,95,0.684210526
0.75,-0.8,0.63,2,0.5,98,0.632653061
0.75,-0.75,0.66,5,0.4,95,0.673684211
0.75,-0.7,0.68,2,1,98,0.673469388
0.75,-0.65,0.63,2,1,98,0.62244898
0.75,-0.6,0.62,4,0.5,96,0.625
0.75,-0.55,0.55,1,1,99,0.545454545
0.75,-0.5,0.5,0,0,100,0.5
0.75,-0.45,0.48,4,0,96,0.5
0.75,-0.4,0.42,4,0.25,96,0.427083333
0.75,-0.35,0.36,5,0,95,0.378947368
0.75,-0.3,0.39,4,0,96,0.40625
0.75,-0.25,0.29,8,0.25,92,0.293478261
0.75,-0.2,0.22,10,0.2,90,0.222222222
0.75,-0.15,0.31,15,0.333333333,85,0.305882353
0.75,-0.1,0.24,21,0.380952381,79,0.202531646
0.75,-0.05,0.28,26,0.192307692,74,0.310810811
0.75,0,0.3,36,0.472222222,64,0.203125
0.75,0.05,0.29,38,0.447368421,62,0.193548387
0.75,0.1,0.3,36,0.416666667,64,0.234375
0.75,0.15,0.46,58,0.568965517,42,0.30952381
0.75,0.2,0.47,66,0.636363636,34,0.147058824
0.75,0.25,0.61,75,0.72,25,0.28
0.75,0.3,0.6,77,0.701298701,23,0.260869565
0.75,0.35,0.66,79,0.784810127,21,0.19047619
0.75,0.4,0.7,86,0.790697674,14,0.142857143
0.75,0.45,0.74,94,0.776595745,6,0.166666667
0.75,0.5,0.76,94,0.79787234,6,0.166666667
0.75,0.55,0.78,95,0.8,5,0.4
0.75,0.6,0.87,98,0.87755102,2,0.5
0.75,0.65,0.77,92,0.836956522,8,0
0.75,0.7,0.82,98,0.836734694,2,0
0.75,0.75,0.74,90,0.777777778,10,0.4
0.75,0.8,0.71,92,0.760869565,8,0.125
0.75,0.85,0.7,86,0.755813953,14,0.357142857
0.75,0.9,0.64,88,0.693181818,12,0.25
0.75,0.95,0.64,81,0.666666667,19,0.526315789
0.75,1,0.54,71,0.647887324,29,0.275862069
0.8,-1,0.73,5,0.4,95,0.747368421
0.8,-0.95,0.71,7,0.142857143,93,0.752688172
0.8,-0.9,0.75,5,0.6,95,0.757894737
0.8,-0.85,0.7,4,0.25,96,0.71875
0.8,-0.8,0.68,7,0.428571429,93,0.698924731
0.8,-0.75,0.58,3,0,97,0.597938144
0.8,-0.7,0.72,3,0.666666667,97,0.721649485
0.8,-0.65,0.72,3,0.333333333,97,0.731958763
0.8,-0.6,0.58,2,0.5,98,0.581632653
0.8,-0.55,0.63,2,0.5,98,0.632653061
0.8,-0.5,0.57,4,0.25,96,0.583333333
0.8,-0.45,0.49,1,0,99,0.494949495
0.8,-0.4,0.56,2,0.5,98,0.56122449
0.8,-0.35,0.38,3,0,97,0.391752577
0.8,-0.3,0.5,6,0.333333333,94,0.510638298
0.8,-0.25,0.38,8,0.25,92,0.391304348
0.8,-0.2,0.27,10,0.3,90,0.266666667
0.8,-0.15,0.26,14,0.285714286,86,0.255813953
0.8,-0.1,0.29,18,0.333333333,82,0.280487805
0.8,-0.05,0.21,24,0.291666667,76,0.184210526
0.8,0,0.28,20,0.35,80,0.2625
0.8,0.05,0.3,42,0.333333333,58,0.275862069
0.8,0.1,0.23,37,0.405405405,63,0.126984127
0.8,0.15,0.37,51,0.411764706,49,0.326530612
0.8,0.2,0.33,59,0.440677966,41,0.170731707
0.8,0.25,0.48,66,0.590909091,34,0.264705882
0.8,0.3,0.66,76,0.736842105,24,0.416666667
0.8,0.35,0.56,81,0.641975309,19,0.210526316
0.8,0.4,0.63,91,0.67032967,9,0.222222222
0.8,0.45,0.78,89,0.797752809,11,0.636363636
0.8,0.5,0.74,95,0.768421053,5,0.2
0.8,0.55,0.72,94,0.755319149,6,0.166666667
0.8,0.6,0.74,94,0.765957447,6,0.333333333
0.8,0.65,0.83,94,0.85106383,6,0.5
0.8,0.7,0.77,92,0.815217391,8,0.25
0.8,0.75,0.62,84,0.714285714,16,0.125
0.8,0.8,0.69,86,0.744186047,14,0.357142857
0.8,0.85,0.57,88,0.636363636,12,0.083333333
0.8,0.9,0.6,84,0.654761905,16,0.3125
0.8,0.95,0.54,75,0.666666667,25,0.16
0.8,1,0.5,78,0.564102564,22,0.272727273
0.85,-1,0.68,7,0.714285714,93,0.677419355
0.85,-0.95,0.75,5,0.6,95,0.757894737
0.85,-0.9,0.65,8,0.375,92,0.673913043
0.85,-0.85,0.7,0,0,100,0.7
0.85,-0.8,0.65,6,0.166666667,94,0.680851064
0.85,-0.75,0.68,3,0.333333333,97,0.690721649
0.85,-0.7,0.64,2,0.5,98,0.642857143
0.85,-0.65,0.65,3,0.666666667,97,0.649484536
0.85,-0.6,0.7,2,0,98,0.714285714
0.85,-0.55,0.6,9,0.444444444,91,0.615384615
0.85,-0.5,0.48,0,0,100,0.48
0.85,-0.45,0.56,1,0,99,0.565656566
0.85,-0.4,0.47,3,0.333333333,97,0.474226804
0.85,-0.35,0.43,6,0.166666667,94,0.446808511
0.85,-0.3,0.4,3,0,97,0.412371134
0.85,-0.25,0.37,3,0.333333333,97,0.371134021
0.85,-0.2,0.3,7,0,93,0.322580645
0.85,-0.15,0.32,12,0.416666667,88,0.306818182
0.85,-0.1,0.26,13,0.384615385,87,0.24137931
0.85,-0.05,0.21,18,0.111111111,82,0.231707317
0.85,0,0.3,27,0.259259259,73,0.315068493
0.85,0.05,0.33,28,0.428571429,72,0.291666667
0.85,0.1,0.27,39,0.333333333,61,0.229508197
0.85,0.15,0.38,44,0.545454545,56,0.25
0.85,0.2,0.39,62,0.5,38,0.210526316
0.85,0.25,0.35,58,0.431034483,42,0.238095238
0.85,0.3,0.5,75,0.586666667,25,0.24
0.85,0.35,0.57,78,0.641025641,22,0.318181818
0.85,0.4,0.62,84,0.69047619,16,0.25
0.85,0.45,0.67,90,0.7,10,0.4
0.85,0.5,0.7,88,0.772727273,12,0.166666667
0.85,0.55,0.73,91,0.736263736,9,0.666666667
0.85,0.6,0.71,91,0.769230769,9,0.111111111
0.85,0.65,0.68,89,0.719101124,11,0.363636364
0.85,0.7,0.77,94,0.776595745,6,0.666666667
0.85,0.75,0.58,85,0.635294118,15,0.266666667
0.85,0.8,0.71,89,0.741573034,11,0.454545455
0.85,0.85,0.54,92,0.543478261,8,0.5
0.85,0.9,0.6,81,0.641975309,19,0.421052632
0.85,0.95,0.57,68,0.691176471,32,0.3125
0.85,1,0.37,65,0.353846154,35,0.4
0.9,-1,0.78,7,0.428571429,93,0.806451613
0.9,-0.95,0.78,3,0.666666667,97,0.783505155
0.9,-0.9,0.74,4,0,96,0.770833333
0.9,-0.85,0.66,5,0.2,95,0.684210526
0.9,-0.8,0.68,4,0.25,96,0.697916667
0.9,-0.75,0.74,2,0.5,98,0.744897959
0.9,-0.7,0.7,4,0.25,96,0.71875
0.9,-0.65,0.65,2,0.5,98,0.653061224
0.9,-0.6,0.63,5,0.4,95,0.642105263
0.9,-0.55,0.53,2,0,98,0.540816327
0.9,-0.5,0.55,5,0.2,95,0.568421053
0.9,-0.45,0.44,2,0.5,98,0.43877551
0.9,-0.4,0.53,3,0,97,0.546391753
0.9,-0.35,0.49,2,1,98,0.479591837
0.9,-0.3,0.29,5,0.2,95,0.294736842
0.9,-0.25,0.41,4,0,96,0.427083333
0.9,-0.2,0.36,6,0.333333333,94,0.361702128
0.9,-0.15,0.33,4,0,96,0.34375
0.9,-0.1,0.27,8,0.25,92,0.27173913
0.9,-0.05,0.26,15,0.133333333,85,0.282352941
0.9,0,0.27,18,0.333333333,82,0.256097561
0.9,0.05,0.23,31,0.161290323,69,0.260869565
0.9,0.1,0.21,42,0.19047619,58,0.224137931
0.9,0.15,0.24,42,0.261904762,58,0.224137931
0.9,0.2,0.4,47,0.468085106,53,0.339622642
0.9,0.25,0.45,61,0.524590164,39,0.333333333
0.9,0.3,0.42,63,0.492063492,37,0.297297297
0.9,0.35,0.57,77,0.649350649,23,0.304347826
0.9,0.4,0.65,75,0.76,25,0.32
0.9,0.45,0.62,84,0.678571429,16,0.3125
0.9,0.5,0.67,85,0.717647059,15,0.4
0.9,0.55,0.73,87,0.781609195,13,0.384615385
0.9,0.6,0.68,79,0.721518987,21,0.523809524
0.9,0.65,0.69,87,0.735632184,13,0.384615385
0.9,0.7,0.65,87,0.701149425,13,0.307692308
0.9,0.75,0.67,89,0.685393258,11,0.545454545
0.9,0.8,0.6,78,0.653846154,22,0.409090909
0.9,0.85,0.56,81,0.617283951,19,0.315789474
0.9,0.9,0.53,79,0.544303797,21,0.476190476
0.9,0.95,0.43,68,0.529411765,32,0.21875
0.9,1,0.43,66,0.439393939,34,0.411764706
0.95,-1,0.64,13,0.153846154,87,0.712643678
0.95,-0.95,0.79,6,0.666666667,94,0.79787234
0.95,-0.9,0.72,3,0.666666667,97,0.721649485
0.95,-0.85,0.64,8,0.5,92,0.652173913
0.95,-0.8,0.74,2,1,98,0.734693878
0.95,-0.75,0.63,5,0.6,95,0.631578947
0.95,-0.7,0.65,6,0.666666667,94,0.64893617
0.95,-0.65,0.64,2,0,98,0.653061224
0.95,-0.6,0.62,2,0.5,98,0.62244898
0.95,-0.55,0.61,2,0.5,98,0.612244898
0.95,-0.5,0.57,1,1,99,0.565656566
0.95,-0.45,0.55,2,0.5,98,0.551020408
0.95,-0.4,0.42,2,1,98,0.408163265
0.95,-0.35,0.52,2,0,98,0.530612245
0.95,-0.3,0.38,4,0,96,0.395833333
0.95,-0.25,0.39,4,0,96,0.40625
0.95,-0.2,0.4,4,0,96,0.416666667
0.95,-0.15,0.37,8,0.25,92,0.380434783
0.95,-0.1,0.36,10,0.2,90,0.377777778
0.95,-0.05,0.31,8,0.125,92,0.326086957
0.95,0,0.32,16,0.125,84,0.357142857
0.95,0.05,0.33,22,0.272727273,78,0.346153846
0.95,0.1,0.27,33,0.181818182,67,0.313432836
0.95,0.15,0.23,33,0.363636364,67,0.164179104
0.95,0.2,0.34,38,0.447368421,62,0.274193548
0.95,0.25,0.39,51,0.470588235,49,0.306122449
0.95,0.3,0.48,55,0.6,45,0.333333333
0.95,0.35,0.4,68,0.441176471,32,0.3125
0.95,0.4,0.59,72,0.708333333,28,0.285714286
0.95,0.45,0.6,77,0.675324675,23,0.347826087
0.95,0.5,0.55,78,0.653846154,22,0.181818182
0.95,0.55,0.7,88,0.727272727,12,0.5
0.95,0.6,0.73,90,0.755555556,10,0.5
0.95,0.65,0.71,85,0.764705882,15,0.4
0.95,0.7,0.65,79,0.708860759,21,0.428571429
0.95,0.75,0.65,83,0.710843373,17,0.352941176
0.95,0.8,0.67,75,0.733333333,25,0.48
0.95,0.85,0.48,77,0.558441558,23,0.217391304
0.95,0.9,0.46,66,0.545454545,34,0.294117647
0.95,0.95,0.43,63,0.428571429,37,0.432432432
0.95,1,0.41,63,0.412698413,37,0.405405405
1,-1,0.69,6,0.333333333,94,0.712765957
1,-0.95,0.61,11,0.181818182,89,0.662921348
1,-0.9,0.69,4,0.25,96,0.708333333
1,-0.85,0.69,6,0.166666667,94,0.723404255
1,-0.8,0.76,6,0.5,94,0.776595745
1,-0.75,0.66,5,0.8,95,0.652631579
1,-0.7,0.66,3,0.666666667,97,0.659793814
1,-0.65,0.64,0,0,100,0.64
1,-0.6,0.58,4,0.5,96,0.583333333
1,-0.55,0.69,2,0.5,98,0.693877551
1,-0.5,0.52,4,0,96,0.541666667
1,-0.45,0.68,2,0.5,98,0.683673469
1,-0.4,0.51,5,0.2,95,0.526315789
1,-0.35,0.43,4,0,96,0.447916667
1,-0.3,0.47,1,0,99,0.474747475
1,-0.25,0.44,2,0,98,0.448979592
1,-0.2,0.39,7,0.142857143,93,0.408602151
1,-0.15,0.34,9,0.333333333,91,0.340659341
1,-0.1,0.25,14,0.142857143,86,0.26744186
1,-0.05,0.33,11,0.272727273,89,0.337078652
1,0,0.28,21,0.047619048,79,0.341772152
1,0.05,0.3,22,0.227272727,78,0.320512821
1,0.1,0.29,31,0.193548387,69,0.333333333
1,0.15,0.32,30,0.3,70,0.328571429
1,0.2,0.36,38,0.394736842,62,0.338709677
1,0.25,0.43,42,0.476190476,58,0.396551724
1,0.3,0.42,54,0.5,46,0.326086957
1,0.35,0.51,67,0.597014925,33,0.333333333
1,0.4,0.46,69,0.52173913,31,0.322580645
1,0.45,0.43,64,0.515625,36,0.277777778
1,0.5,0.55,76,0.592105263,24,0.416666667
1,0.55,0.55,78,0.602564103,22,0.363636364
1,0.6,0.6,81,0.604938272,19,0.578947368
1,0.65,0.71,79,0.797468354,21,0.380952381
1,0.7,0.51,73,0.602739726,27,0.259259259
1,0.75,0.51,73,0.547945205,27,0.407407407
1,0.8,0.58,70,0.642857143,30,0.433333333
1,0.85,0.45,70,0.5,30,0.333333333
1,0.9,0.39,63,0.444444444,37,0.297297297
1,0.95,0.48,69,0.52173913,31,0.387096774
1,1,0.48,49,0.510204082,51,0.450980392
